-- MySQL dump 10.13  Distrib 8.0.30, for Win64 (x86_64)
--
-- Host: k7a407.p.ssafy.io    Database: zip
-- ------------------------------------------------------
-- Server version	8.0.31-0ubuntu0.20.04.1

/*!40101 SET @OLD_CHARACTER_SET_CLIENT=@@CHARACTER_SET_CLIENT */;
/*!40101 SET @OLD_CHARACTER_SET_RESULTS=@@CHARACTER_SET_RESULTS */;
/*!40101 SET @OLD_COLLATION_CONNECTION=@@COLLATION_CONNECTION */;
/*!50503 SET NAMES utf8 */;
/*!40103 SET @OLD_TIME_ZONE=@@TIME_ZONE */;
/*!40103 SET TIME_ZONE='+00:00' */;
/*!40014 SET @OLD_UNIQUE_CHECKS=@@UNIQUE_CHECKS, UNIQUE_CHECKS=0 */;
/*!40014 SET @OLD_FOREIGN_KEY_CHECKS=@@FOREIGN_KEY_CHECKS, FOREIGN_KEY_CHECKS=0 */;
/*!40101 SET @OLD_SQL_MODE=@@SQL_MODE, SQL_MODE='NO_AUTO_VALUE_ON_ZERO' */;
/*!40111 SET @OLD_SQL_NOTES=@@SQL_NOTES, SQL_NOTES=0 */;

--
-- Table structure for table `album`
--

DROP TABLE IF EXISTS `album`;
/*!40101 SET @saved_cs_client     = @@character_set_client */;
/*!50503 SET character_set_client = utf8mb4 */;
CREATE TABLE `album` (
  `id` bigint NOT NULL AUTO_INCREMENT,
  `family_id` bigint NOT NULL,
  `name` varchar(255) NOT NULL,
  PRIMARY KEY (`id`),
  UNIQUE KEY `id_UNIQUE` (`id`),
  KEY `FK_family_TO_folder_1` (`family_id`),
  CONSTRAINT `FK_family_TO_folder_1` FOREIGN KEY (`family_id`) REFERENCES `family` (`id`)
) ENGINE=InnoDB AUTO_INCREMENT=27 DEFAULT CHARSET=utf8mb4 COLLATE=utf8mb4_0900_ai_ci;
/*!40101 SET character_set_client = @saved_cs_client */;

--
-- Dumping data for table `album`
--

LOCK TABLES `album` WRITE;
/*!40000 ALTER TABLE `album` DISABLE KEYS */;
INSERT INTO `album` VALUES (1,3,'album1'),(2,3,'냐냐'),(8,6,'test1'),(12,6,'NONING'),(13,6,'KIRIN'),(14,6,'ZIP'),(15,7,'NONING'),(16,7,'KIRIN'),(17,7,'ZIP'),(19,5,'가족사진'),(23,5,'벼리'),(26,5,'은쪽이 급식');
/*!40000 ALTER TABLE `album` ENABLE KEYS */;
UNLOCK TABLES;

--
-- Table structure for table `board`
--

DROP TABLE IF EXISTS `board`;
/*!40101 SET @saved_cs_client     = @@character_set_client */;
/*!50503 SET character_set_client = utf8mb4 */;
CREATE TABLE `board` (
  `id` bigint NOT NULL AUTO_INCREMENT,
  `family_id` bigint NOT NULL,
  `user_id` bigint NOT NULL,
  `content` varchar(255) DEFAULT NULL,
  `reg` datetime NOT NULL DEFAULT CURRENT_TIMESTAMP,
  `image` varchar(255) DEFAULT NULL,
  PRIMARY KEY (`id`),
  UNIQUE KEY `id_UNIQUE` (`id`),
  KEY `FK_family_TO_board_1` (`family_id`),
  KEY `FK_user_TO_board_1` (`user_id`),
  CONSTRAINT `FK_family_TO_board_1` FOREIGN KEY (`family_id`) REFERENCES `family` (`id`),
  CONSTRAINT `FK_user_TO_board_1` FOREIGN KEY (`user_id`) REFERENCES `user` (`id`)
) ENGINE=InnoDB AUTO_INCREMENT=20 DEFAULT CHARSET=utf8mb4 COLLATE=utf8mb4_0900_ai_ci;
/*!40101 SET character_set_client = @saved_cs_client */;

--
-- Dumping data for table `board`
--

LOCK TABLES `board` WRITE;
/*!40000 ALTER TABLE `board` DISABLE KEYS */;
INSERT INTO `board` VALUES (2,3,2,'하이이이이이','2022-11-16 01:31:41','https://projectzip.s3.ap-northeast-2.amazonaws.com/board/5f0cb8eb-c811-485b-bf31-5ffc582c60c8.'),(3,3,1,'하이하이','2022-11-16 01:41:37','https://projectzip.s3.ap-northeast-2.amazonaws.com/board/4417ff38-2a8a-458c-a125-94b5a8b85672.'),(4,3,1,'ㅌㅋㅋㅋㅋㅋㅋㅋ','2022-11-16 01:48:13',NULL),(5,3,4,'hi','2022-11-16 09:26:25',NULL),(6,3,4,'ㅋㅎㅋㅎㅋㅎㅎㅋㅋㅎㅎㅋ','2022-11-16 12:43:57',NULL),(7,3,2,'sss','2022-11-17 00:32:03',NULL),(8,3,5,'오늘 싸피 밥 너무 마시써써','2022-11-17 13:22:01','https://projectzip.s3.ap-northeast-2.amazonaws.com/board/32af6152-f1c5-4ecf-a20c-f5c00c45b89f.'),(9,5,11,'첫 게시글은 나의 차지다\n캬캬캬캬캬캬','2022-11-17 14:03:57',NULL),(10,5,11,'밥먹을사람있나요??????','2022-11-17 14:38:35',NULL),(11,5,13,'엄마는 오늘 한 잔 하고 들어가요~~~~\n\n완전맛있지롱~~~~?','2022-11-17 15:14:19','https://projectzip.s3.ap-northeast-2.amazonaws.com/board/cec7ed68-d4de-4ebd-af0c-d739c34175cb.'),(12,5,12,'벼리 산책...','2022-11-17 15:20:55','https://projectzip.s3.ap-northeast-2.amazonaws.com/board/126517df-0001-499f-b096-adf6f3088b9d.'),(13,5,11,'우동가조쿠~~~~~','2022-11-17 15:23:13','https://projectzip.s3.ap-northeast-2.amazonaws.com/board/c3746e91-2c28-4a4d-80d3-c99b468a310b.'),(14,7,21,'추억의 떡꼬치 ㅎㅎ','2022-11-18 13:49:54','https://projectzip.s3.ap-northeast-2.amazonaws.com/board/c83f80de-40f2-4d18-bf9d-e81e9db3556f.'),(15,7,19,'배고프당 ㅠㅠ\n\n오늘 저메추( 저녁 메뉴 추천이라는 뜻 )','2022-11-18 13:51:01',NULL),(16,7,18,'여섯 싸둥이 화이팅!!','2022-11-18 13:52:32',NULL),(17,7,20,'산책 기다리는 벼리!','2022-11-18 13:53:14','https://projectzip.s3.ap-northeast-2.amazonaws.com/board/87ee6519-0ce1-4aa9-991e-b89e9e7928f0.'),(18,5,13,'산책가다 만난 고양이~~ \n\n정~~~~~말 귀엽죠??? ㅎㅎㅎㅎㅎㅎ','2022-11-18 15:45:20','https://projectzip.s3.ap-northeast-2.amazonaws.com/board/4ea912e3-dee6-4451-83a7-b343487637f2.'),(19,5,12,'우리 벼리 산책~~','2022-11-18 17:58:11','https://projectzip.s3.ap-northeast-2.amazonaws.com/board/5041eb84-6e3d-4183-9678-8b3000b1a952.');
/*!40000 ALTER TABLE `board` ENABLE KEYS */;
UNLOCK TABLES;

--
-- Table structure for table `calendar`
--

DROP TABLE IF EXISTS `calendar`;
/*!40101 SET @saved_cs_client     = @@character_set_client */;
/*!50503 SET character_set_client = utf8mb4 */;
CREATE TABLE `calendar` (
  `id` bigint NOT NULL AUTO_INCREMENT,
  `start_date` datetime NOT NULL,
  `end_date` datetime NOT NULL,
  `schedule` varchar(255) NOT NULL,
  `family_id` bigint NOT NULL,
  PRIMARY KEY (`id`),
  UNIQUE KEY `id_UNIQUE` (`id`),
  KEY `fk_calendar_family1_idx` (`family_id`),
  CONSTRAINT `fk_calendar_family1` FOREIGN KEY (`family_id`) REFERENCES `family` (`id`) ON DELETE CASCADE
) ENGINE=InnoDB AUTO_INCREMENT=34 DEFAULT CHARSET=utf8mb4 COLLATE=utf8mb4_0900_ai_ci;
/*!40101 SET character_set_client = @saved_cs_client */;

--
-- Dumping data for table `calendar`
--

LOCK TABLES `calendar` WRITE;
/*!40000 ALTER TABLE `calendar` DISABLE KEYS */;
INSERT INTO `calendar` VALUES (1,'2022-12-05 00:00:01','2022-12-08 00:00:01','할일입니다ㅏ',3),(2,'2022-11-16 00:00:01','2022-11-16 00:00:01','일정',3),(4,'2022-11-15 00:00:01','2022-11-15 00:00:01','s',3),(5,'2022-11-15 00:00:01','2022-11-15 00:00:01','d',3),(7,'2022-11-14 00:00:01','2022-11-14 00:00:01','sy',3),(9,'2022-11-15 02:00:01','2022-11-17 00:00:01','yyy',3),(10,'2022-11-17 01:00:01','2022-11-17 23:00:01','tt',3),(11,'2022-11-16 00:00:01','2022-11-18 00:00:01','테스트트',3),(12,'2022-11-21 09:00:01','2022-11-21 18:00:01','발표',3),(13,'2022-11-23 01:00:01','2022-11-23 23:00:01','t',3),(14,'2022-11-24 01:00:01','2022-11-24 14:00:01','rr',3),(15,'2022-11-26 00:00:01','2022-11-26 21:00:01','vv',3),(16,'2022-11-27 00:00:01','2022-11-27 12:00:01','123',3),(17,'2022-11-16 00:00:01','2022-11-16 00:00:01','파이팅',3),(18,'2022-11-25 04:00:01','2022-11-25 22:00:01','dddd',3),(19,'2022-11-25 00:00:01','2022-11-25 00:00:01','ss',3),(20,'2022-11-28 00:00:01','2022-11-28 12:00:01','asd',3),(21,'2022-11-29 00:00:01','2022-11-29 12:00:01','asd',3),(22,'2022-11-22 00:00:01','2022-11-22 21:15:01','면도',3),(23,'2022-11-16 00:00:01','2022-11-17 00:10:01','ㅈ대ㅏ',3),(24,'2022-11-16 01:00:01','2022-11-16 15:10:01','ㅗㅗ',3),(25,'2022-11-29 20:00:01','2022-11-30 22:00:01','sdf',3),(26,'2022-12-25 00:00:01','2022-12-25 23:59:01','크리스마스?',5),(27,'2022-11-11 00:00:01','2022-11-11 11:59:01','류재순이 빼빼로 주는 날',5),(28,'2022-11-21 18:00:01','2022-11-21 21:00:01','엄마 생신 기념 가족식사',5),(30,'2022-11-18 20:00:01','2022-11-18 23:00:01','아들 저녁약소쿠',5),(31,'2022-11-19 15:00:01','2022-11-19 17:00:01','반포자이 부녀회 모임',5),(32,'2022-11-18 18:00:01','2022-11-18 23:00:01','가족 저녁',7),(33,'2022-11-20 14:00:01','2022-11-20 18:00:01','우리가족산책',5);
/*!40000 ALTER TABLE `calendar` ENABLE KEYS */;
UNLOCK TABLES;

--
-- Table structure for table `calendar_user`
--

DROP TABLE IF EXISTS `calendar_user`;
/*!40101 SET @saved_cs_client     = @@character_set_client */;
/*!50503 SET character_set_client = utf8mb4 */;
CREATE TABLE `calendar_user` (
  `id` bigint NOT NULL AUTO_INCREMENT,
  `calendar_id` bigint NOT NULL,
  `user_id` bigint NOT NULL,
  PRIMARY KEY (`id`),
  UNIQUE KEY `id_UNIQUE` (`id`),
  KEY `fk_calendar_user_calendar1_idx` (`calendar_id`),
  KEY `fk_calendar_user_user1_idx` (`user_id`),
  CONSTRAINT `fk_calendar_user_calendar1` FOREIGN KEY (`calendar_id`) REFERENCES `calendar` (`id`) ON DELETE CASCADE,
  CONSTRAINT `fk_calendar_user_user1` FOREIGN KEY (`user_id`) REFERENCES `user` (`id`) ON DELETE CASCADE
) ENGINE=InnoDB AUTO_INCREMENT=81 DEFAULT CHARSET=utf8mb4 COLLATE=utf8mb4_0900_ai_ci;
/*!40101 SET character_set_client = @saved_cs_client */;

--
-- Dumping data for table `calendar_user`
--

LOCK TABLES `calendar_user` WRITE;
/*!40000 ALTER TABLE `calendar_user` DISABLE KEYS */;
INSERT INTO `calendar_user` VALUES (1,1,1),(2,1,2),(3,2,1),(4,2,2),(5,2,3),(10,4,4),(11,4,5),(12,5,4),(13,5,5),(18,7,2),(19,7,4),(20,7,5),(22,9,1),(23,9,2),(24,10,4),(25,11,1),(26,11,2),(27,11,3),(28,11,4),(29,11,5),(30,11,8),(31,12,2),(32,13,5),(33,14,5),(34,15,3),(35,16,4),(36,17,2),(37,18,2),(38,18,4),(39,18,5),(40,18,8),(41,19,1),(42,19,2),(43,19,3),(44,19,4),(45,19,5),(46,19,8),(47,20,2),(48,21,3),(49,22,2),(50,22,4),(51,23,2),(52,24,2),(53,25,2),(54,25,3),(55,26,10),(56,26,11),(57,26,12),(58,26,13),(59,27,10),(60,27,13),(61,28,11),(62,28,12),(67,28,10),(68,28,13),(69,30,10),(70,31,13),(71,32,16),(72,32,17),(73,32,18),(74,32,19),(75,32,20),(76,32,21),(77,33,10),(78,33,11),(79,33,12),(80,33,13);
/*!40000 ALTER TABLE `calendar_user` ENABLE KEYS */;
UNLOCK TABLES;

--
-- Table structure for table `character`
--

DROP TABLE IF EXISTS `character`;
/*!40101 SET @saved_cs_client     = @@character_set_client */;
/*!50503 SET character_set_client = utf8mb4 */;
CREATE TABLE `character` (
  `id` bigint NOT NULL AUTO_INCREMENT,
  `image` varchar(200) NOT NULL,
  `asset_name` varchar(100) NOT NULL,
  PRIMARY KEY (`id`),
  UNIQUE KEY `id_UNIQUE` (`id`)
) ENGINE=InnoDB AUTO_INCREMENT=26 DEFAULT CHARSET=utf8mb4 COLLATE=utf8mb4_0900_ai_ci;
/*!40101 SET character_set_client = @saved_cs_client */;

--
-- Dumping data for table `character`
--

LOCK TABLES `character` WRITE;
/*!40000 ALTER TABLE `character` DISABLE KEYS */;
INSERT INTO `character` VALUES (1,'https://projectzip.s3.ap-northeast-2.amazonaws.com/profiles/f_1.png','f_1'),(2,'https://projectzip.s3.ap-northeast-2.amazonaws.com/profiles/f_2.png','f_2'),(3,'https://projectzip.s3.ap-northeast-2.amazonaws.com/profiles/f_3.png','f_3'),(4,'https://projectzip.s3.ap-northeast-2.amazonaws.com/profiles/f_4.png','f_4'),(5,'https://projectzip.s3.ap-northeast-2.amazonaws.com/profiles/f_5.png','f_5'),(6,'https://projectzip.s3.ap-northeast-2.amazonaws.com/profiles/f_6.png','f_6'),(7,'https://projectzip.s3.ap-northeast-2.amazonaws.com/profiles/f_7.png','f_7'),(8,'https://projectzip.s3.ap-northeast-2.amazonaws.com/profiles/f_8.png','f_8'),(9,'https://projectzip.s3.ap-northeast-2.amazonaws.com/profiles/f_9.png','f_9'),(10,'https://projectzip.s3.ap-northeast-2.amazonaws.com/profiles/f_10.png','f_10'),(11,'https://projectzip.s3.ap-northeast-2.amazonaws.com/profiles/f_11.png','f_11'),(12,'https://projectzip.s3.ap-northeast-2.amazonaws.com/profiles/f_12.png','f_12'),(13,'https://projectzip.s3.ap-northeast-2.amazonaws.com/profiles/m_1.png','m_1'),(14,'https://projectzip.s3.ap-northeast-2.amazonaws.com/profiles/m_2.png','m_2'),(15,'https://projectzip.s3.ap-northeast-2.amazonaws.com/profiles/m_3.png','m_3'),(16,'https://projectzip.s3.ap-northeast-2.amazonaws.com/profiles/m_4.png','m_4'),(17,'https://projectzip.s3.ap-northeast-2.amazonaws.com/profiles/m_5.png','m_5'),(18,'https://projectzip.s3.ap-northeast-2.amazonaws.com/profiles/m_6.png','m_6'),(19,'https://projectzip.s3.ap-northeast-2.amazonaws.com/profiles/m_7.png','m_7'),(20,'https://projectzip.s3.ap-northeast-2.amazonaws.com/profiles/m_8.png','m_8'),(21,'https://projectzip.s3.ap-northeast-2.amazonaws.com/profiles/m_9.png','m_9'),(22,'https://projectzip.s3.ap-northeast-2.amazonaws.com/profiles/m_10.png','m_10'),(23,'https://projectzip.s3.ap-northeast-2.amazonaws.com/profiles/m_11.png','m_11'),(24,'https://projectzip.s3.ap-northeast-2.amazonaws.com/profiles/m_12.png','m_12'),(25,'https://projectzip.s3.ap-northeast-2.amazonaws.com/profiles/m_13.png','m_13');
/*!40000 ALTER TABLE `character` ENABLE KEYS */;
UNLOCK TABLES;

--
-- Table structure for table `comment`
--

DROP TABLE IF EXISTS `comment`;
/*!40101 SET @saved_cs_client     = @@character_set_client */;
/*!50503 SET character_set_client = utf8mb4 */;
CREATE TABLE `comment` (
  `id` bigint NOT NULL AUTO_INCREMENT,
  `board_id` bigint NOT NULL,
  `user_id` bigint NOT NULL,
  `content` varchar(255) NOT NULL,
  `reg` datetime NOT NULL DEFAULT CURRENT_TIMESTAMP,
  PRIMARY KEY (`id`),
  UNIQUE KEY `id_UNIQUE` (`id`),
  KEY `FK_board_TO_comment_1` (`board_id`),
  KEY `FK_user_TO_comment_1` (`user_id`),
  CONSTRAINT `FK_board_TO_comment_1` FOREIGN KEY (`board_id`) REFERENCES `board` (`id`),
  CONSTRAINT `FK_user_TO_comment_1` FOREIGN KEY (`user_id`) REFERENCES `user` (`id`)
) ENGINE=InnoDB AUTO_INCREMENT=42 DEFAULT CHARSET=utf8mb4 COLLATE=utf8mb4_0900_ai_ci;
/*!40101 SET character_set_client = @saved_cs_client */;

--
-- Dumping data for table `comment`
--

LOCK TABLES `comment` WRITE;
/*!40000 ALTER TABLE `comment` DISABLE KEYS */;
INSERT INTO `comment` VALUES (1,2,2,'ㅋㅎㅋㅎㅋㅎ','2022-11-16 01:31:50'),(2,2,2,'냐냐년','2022-11-16 01:31:55'),(3,2,1,'하이','2022-11-16 01:47:51'),(4,4,2,'zzz','2022-11-16 01:49:04'),(5,2,8,'ㅋㅋㅋ','2022-11-16 02:08:50'),(6,4,2,'ㅋ','2022-11-16 08:46:57'),(7,2,2,'ㅋㅋㅋ','2022-11-16 08:47:12'),(8,5,2,'zzzz','2022-11-16 09:37:30'),(9,5,2,'qwe','2022-11-16 11:29:40'),(10,5,2,'qwd','2022-11-16 12:30:52'),(11,6,2,'ㅁㄴㅇㅁㄴㅇ','2022-11-16 12:55:52'),(12,6,2,'ㄴㄴㄴ','2022-11-16 12:56:05'),(13,6,2,'ㅂㅈㅇ','2022-11-16 12:58:09'),(14,6,2,'ㅋㅋㅋ','2022-11-16 12:58:19'),(15,6,2,'ㄴㄴㄴ','2022-11-16 15:12:19'),(16,6,1,'djdjdndndndndndnrrnrnrnrbejejejejejenebeebebebebebeenebenebenenenenenenebnnenneneneneneneneneene','2022-11-17 02:35:34'),(17,7,1,'하이','2022-11-17 02:56:29'),(18,6,1,'ㅑ퍞','2022-11-17 03:23:01'),(19,6,1,'ㅕㅍ7ㅍ','2022-11-17 03:23:03'),(20,6,1,'7ㅑㅠ','2022-11-17 03:23:10'),(21,3,2,'ddd','2022-11-17 12:50:44'),(22,9,12,'우리딸 대견해~','2022-11-17 14:04:16'),(23,9,11,'댕쿠 파쟈','2022-11-17 14:05:27'),(24,11,12,'여보 여기 어디???','2022-11-17 15:15:33'),(25,11,13,'안알랴줌 ㅋ','2022-11-17 15:16:14'),(26,10,13,'저녁 먹고들어간다~','2022-11-17 15:16:32'),(27,12,11,'아빠 고마워용~~~~~❤','2022-11-17 15:22:25'),(28,12,10,'벼리!','2022-11-17 15:28:02'),(29,14,19,'마시쪙!!!!','2022-11-18 13:51:48'),(30,15,18,'오늘은 스윙스','2022-11-18 13:52:18'),(31,14,20,'야미~','2022-11-18 13:53:26'),(32,18,10,'우리도 고양이 키워요!! 고양이 키우면 공부 열심히 할게 게임도 안하고','2022-11-18 16:17:56'),(33,12,13,'대박 ㅋㅋㅋ','2022-11-18 16:39:23'),(37,19,10,'벼리 신났네!!','2022-11-18 22:31:51'),(38,19,13,'여봉봉 산책시켜줘서 고마워?','2022-11-18 22:32:59'),(41,19,11,'벼리귀여워','2022-11-18 23:51:07');
/*!40000 ALTER TABLE `comment` ENABLE KEYS */;
UNLOCK TABLES;

--
-- Table structure for table `common_code`
--

DROP TABLE IF EXISTS `common_code`;
/*!40101 SET @saved_cs_client     = @@character_set_client */;
/*!50503 SET character_set_client = utf8mb4 */;
CREATE TABLE `common_code` (
  `code` varchar(255) NOT NULL,
  `content` varchar(255) NOT NULL,
  `point` int DEFAULT NULL,
  PRIMARY KEY (`code`),
  UNIQUE KEY `code_UNIQUE` (`code`)
) ENGINE=InnoDB DEFAULT CHARSET=utf8mb4 COLLATE=utf8mb4_0900_ai_ci;
/*!40101 SET character_set_client = @saved_cs_client */;

--
-- Dumping data for table `common_code`
--

LOCK TABLES `common_code` WRITE;
/*!40000 ALTER TABLE `common_code` DISABLE KEYS */;
INSERT INTO `common_code` VALUES ('M0101','편지 보내기(개인)',50),('M0102','편지 보내기(가족)',300),('M0111','백문백답 응답(개인)',50),('M0112','백문백답 응답(가족)',300),('M0121','게시물 업로드',25),('M0122','게시물 댓글 업로드',5),('M1101','사진 업로드',5),('M1201','일정 등록',10),('M9101','오픈기념 이벤트',5000),('M9999','테스트용 포인트',1000000);
/*!40000 ALTER TABLE `common_code` ENABLE KEYS */;
UNLOCK TABLES;

--
-- Table structure for table `email_auth`
--

DROP TABLE IF EXISTS `email_auth`;
/*!40101 SET @saved_cs_client     = @@character_set_client */;
/*!50503 SET character_set_client = utf8mb4 */;
CREATE TABLE `email_auth` (
  `id` bigint NOT NULL AUTO_INCREMENT,
  `email` varchar(255) NOT NULL,
  `auth_token` varchar(255) NOT NULL,
  `is_expired` tinyint DEFAULT '0',
  `expire_date` datetime NOT NULL,
  PRIMARY KEY (`id`)
) ENGINE=InnoDB AUTO_INCREMENT=14 DEFAULT CHARSET=utf8mb4 COLLATE=utf8mb4_0900_ai_ci;
/*!40101 SET character_set_client = @saved_cs_client */;

--
-- Dumping data for table `email_auth`
--

LOCK TABLES `email_auth` WRITE;
/*!40000 ALTER TABLE `email_auth` DISABLE KEYS */;
INSERT INTO `email_auth` VALUES (1,'seongyeon38@naver.com','5b20bc4d-fdf1-46b9-a5e2-30544c70ae26',0,'2022-11-16 01:20:40'),(2,'mingyun0324@naver.com','65ae7e03-c0ac-4a8c-9fbe-9003e2b497c6',1,'2022-11-16 01:21:15'),(4,'lx460@naver.com','2e761ce8-7f70-43cd-9009-c2af3332565f',0,'2022-11-16 01:45:52'),(6,'bona19988@gmail.com','e7676e2c-2ff8-442e-8846-3fa5b9a74e71',0,'2022-11-16 01:51:26'),(8,'neillie23@gmail.com','d826a58d-01ba-4af3-a6c8-4d9ba7dfdc4d',0,'2022-11-16 01:52:00'),(9,'mingyun0324@gmail.com','e1e82022-5d36-4835-8e7e-57c97cd0223a',1,'2022-11-16 01:52:46'),(11,'dlwotns1112@gmail.com','72003f26-f1ac-476c-96a4-e6796a4322a6',1,'2022-11-16 02:01:47'),(12,'bona17@naver.com','169fb094-a23a-418d-aa46-9e4d96ec9825',0,'2022-11-16 02:03:29'),(13,'dlwotns9218@gmail.com','c4ed4dc2-9e4a-40bf-8ccd-447d7278ae03',1,'2022-11-16 09:36:58');
/*!40000 ALTER TABLE `email_auth` ENABLE KEYS */;
UNLOCK TABLES;

--
-- Table structure for table `family`
--

DROP TABLE IF EXISTS `family`;
/*!40101 SET @saved_cs_client     = @@character_set_client */;
/*!50503 SET character_set_client = utf8mb4 */;
CREATE TABLE `family` (
  `id` bigint NOT NULL AUTO_INCREMENT,
  `code` int NOT NULL DEFAULT '0',
  `family_name` varchar(255) NOT NULL,
  `member_num` int NOT NULL,
  `reg` datetime NOT NULL DEFAULT CURRENT_TIMESTAMP,
  `qna_id` bigint NOT NULL DEFAULT '1',
  PRIMARY KEY (`id`),
  UNIQUE KEY `id_UNIQUE` (`id`),
  UNIQUE KEY `code_UNIQUE` (`code`),
  KEY `FK_qna_TO_family_1` (`qna_id`),
  CONSTRAINT `FK_qna_TO_family_1` FOREIGN KEY (`qna_id`) REFERENCES `qna` (`id`)
) ENGINE=InnoDB AUTO_INCREMENT=8 DEFAULT CHARSET=utf8mb4 COLLATE=utf8mb4_0900_ai_ci;
/*!40101 SET character_set_client = @saved_cs_client */;

--
-- Dumping data for table `family`
--

LOCK TABLES `family` WRITE;
/*!40000 ALTER TABLE `family` DISABLE KEYS */;
INSERT INTO `family` VALUES (3,386283,'ffffam',6,'2022-11-15 16:16:23',5),(4,594883,'sisi',6,'2022-11-17 03:49:19',3),(5,263227,'은쪽이네',4,'2022-11-17 04:32:40',6),(6,66597,'테스트',12,'2022-11-18 01:01:31',2),(7,847181,'여섯싸둥이네',12,'2022-11-18 04:31:59',2);
/*!40000 ALTER TABLE `family` ENABLE KEYS */;
UNLOCK TABLES;

--
-- Table structure for table `family_furniture`
--

DROP TABLE IF EXISTS `family_furniture`;
/*!40101 SET @saved_cs_client     = @@character_set_client */;
/*!50503 SET character_set_client = utf8mb4 */;
CREATE TABLE `family_furniture` (
  `id` bigint NOT NULL AUTO_INCREMENT,
  `has_item_code` int DEFAULT NULL,
  `reg` datetime DEFAULT NULL,
  `family_id` bigint DEFAULT NULL,
  `furniture_id` bigint DEFAULT NULL,
  PRIMARY KEY (`id`),
  KEY `FK9sk0o8biml7r942qv4jilopcs` (`family_id`),
  KEY `FKhe73gbj05lx3i1r8lifu49j86` (`furniture_id`)
) ENGINE=MyISAM AUTO_INCREMENT=153 DEFAULT CHARSET=utf8mb4 COLLATE=utf8mb4_0900_ai_ci;
/*!40101 SET character_set_client = @saved_cs_client */;

--
-- Dumping data for table `family_furniture`
--

LOCK TABLES `family_furniture` WRITE;
/*!40000 ALTER TABLE `family_furniture` DISABLE KEYS */;
INSERT INTO `family_furniture` VALUES (141,1,'2022-11-18 13:40:06',7,19),(140,1,'2022-11-18 13:39:43',7,30),(139,1,'2022-11-18 13:39:36',7,28),(138,1,'2022-11-18 13:39:14',7,6),(137,1,'2022-11-18 13:38:32',7,2),(136,1,'2022-11-18 13:38:29',7,1),(135,1,'2022-11-18 13:38:25',7,4),(134,2,'2022-11-18 13:38:05',7,201),(133,1,'2022-11-18 13:37:58',7,195),(132,1,'2022-11-18 13:37:45',7,157),(131,2,'2022-11-18 13:37:36',7,102),(130,2,'2022-11-18 13:37:32',7,86),(129,2,'2022-11-18 13:37:24',7,53),(128,1,'2022-11-18 13:37:16',7,40),(127,2,'2022-11-18 13:37:14',7,39),(143,1,'2022-11-18 13:40:26',7,3),(142,1,'2022-11-18 13:40:17',7,24),(126,2,'2022-11-18 13:37:04',7,27),(125,2,'2022-11-18 13:36:46',7,18),(124,1,'2022-11-18 13:36:42',7,17),(123,1,'2022-11-18 13:36:31',7,5),(122,2,'2022-11-18 13:36:00',7,182),(121,2,'2022-11-18 10:53:24',6,182),(120,1,'2022-11-18 10:53:17',6,78),(119,2,'2022-11-18 10:50:52',6,123),(118,1,'2022-11-18 10:50:42',6,110),(117,1,'2022-11-18 10:50:30',6,97),(116,1,'2022-11-18 10:50:24',6,214),(115,1,'2022-11-18 10:50:20',6,196),(114,1,'2022-11-18 10:50:14',6,37),(113,1,'2022-11-18 10:50:09',6,15),(112,2,'2022-11-18 10:49:43',6,10),(111,2,'2022-11-18 10:49:25',6,27),(110,1,'2022-11-18 10:28:03',6,92),(109,2,'2022-11-18 10:28:01',6,106),(108,1,'2022-11-18 10:27:58',6,117),(107,1,'2022-11-18 10:27:54',6,209),(106,1,'2022-11-18 10:27:50',6,195),(105,1,'2022-11-18 10:27:46',6,49),(104,1,'2022-11-18 10:27:42',6,75),(103,1,'2022-11-18 10:26:44',6,36),(102,1,'2022-11-18 10:26:42',6,25),(101,1,'2022-11-18 10:26:39',6,12),(100,1,'2022-11-18 10:26:36',6,1),(99,1,'2022-11-18 10:26:33',6,178),(98,1,'2022-11-18 10:26:29',6,153),(97,1,'2022-11-18 10:26:26',6,128),(96,1,'2022-11-18 01:56:04',5,49),(95,1,'2022-11-17 23:51:16',3,154),(94,1,'2022-11-17 23:51:14',3,154),(93,1,'2022-11-17 23:10:08',5,185),(91,1,'2022-11-17 15:40:32',3,196),(90,1,'2022-11-17 15:18:01',3,211),(89,1,'2022-11-17 15:15:43',3,197),(88,1,'2022-11-17 15:13:05',3,77),(87,1,'2022-11-17 15:12:53',3,76),(86,1,'2022-11-17 15:12:49',3,78),(85,2,'2022-11-17 15:03:44',3,210),(84,1,'2022-11-17 15:03:32',3,209),(83,2,'2022-11-17 14:39:05',5,201),(82,2,'2022-11-17 14:38:55',5,18),(81,1,'2022-11-17 14:38:43',5,5),(80,2,'2022-11-17 14:38:37',5,27),(79,2,'2022-11-17 14:38:04',5,39),(78,1,'2022-11-17 14:37:51',5,57),(77,2,'2022-11-17 14:37:36',5,86),(76,2,'2022-11-17 14:37:29',5,102),(75,2,'2022-11-17 14:37:07',5,182),(74,2,'2022-11-17 14:36:58',5,158),(73,2,'2022-11-17 14:36:52',5,132),(72,1,'2022-11-17 14:36:02',3,180),(144,1,'2022-11-18 13:40:30',7,29),(145,1,'2022-11-18 15:15:38',5,26),(146,1,'2022-11-18 16:12:47',5,197),(147,2,'2022-11-18 16:42:53',5,210),(148,1,'2022-11-18 18:14:57',5,1);
/*!40000 ALTER TABLE `family_furniture` ENABLE KEYS */;
UNLOCK TABLES;

--
-- Table structure for table `furniture`
--

DROP TABLE IF EXISTS `furniture`;
/*!40101 SET @saved_cs_client     = @@character_set_client */;
/*!50503 SET character_set_client = utf8mb4 */;
CREATE TABLE `furniture` (
  `id` bigint NOT NULL AUTO_INCREMENT,
  `position` int NOT NULL,
  `name` varchar(45) NOT NULL,
  `point` int NOT NULL,
  PRIMARY KEY (`id`)
) ENGINE=InnoDB AUTO_INCREMENT=223 DEFAULT CHARSET=utf8mb4 COLLATE=utf8mb4_0900_ai_ci;
/*!40101 SET character_set_client = @saved_cs_client */;

--
-- Dumping data for table `furniture`
--

LOCK TABLES `furniture` WRITE;
/*!40000 ALTER TABLE `furniture` DISABLE KEYS */;
INSERT INTO `furniture` VALUES (1,1,'라푼젤 클로젯',700),(2,1,'화이트 퓨어 클로젯',800),(3,1,'모던 센스 테이블',600),(4,1,'글로시 캐럿 테이블',500),(5,1,'핑크 오피스 데스크',600),(6,1,'컴포트 옐로우 오토만',500),(7,1,'키즈 드럼 선반',500),(8,1,'키즈 동글이 수납함',500),(9,1,'모던 시크 행거',500),(10,1,'쓰리 컬러 소파',600),(11,1,'공원 벤치 아님',600),(12,2,'영화관인줄 의자',700),(13,2,'동심 소환 슬라이드',800),(14,2,'부탁해 나의 냉장고',800),(15,2,'베토벤의 귀환 피아노',600),(16,2,'싱어송라이터의 건반',500),(17,2,'오레오 장난감 선반',500),(18,2,'레몬 샤케라또 책꽂이',500),(19,2,'우디와 버즈의 수납함',500),(20,2,'사이다주세요 선반',600),(21,2,'그레이 피쉬 소파',600),(22,2,'유산소는 런닝머신',700),(23,2,'어린이 전용 주차장',500),(24,2,'콜라는 제로지 선반',600),(25,3,'라푼젤 클로젯',700),(26,3,'화이트 퓨어 클로젯',800),(27,3,'모던 센스 테이블',600),(28,3,'글로시 캐럿 테이블',500),(29,3,'핑크 오피스 데스크',600),(30,3,'컴포트 옐로우 오토만',500),(31,3,'키즈 드럼 선반',500),(32,3,'키즈 동글이 수납함',500),(33,3,'모던 시크 행거',500),(34,3,'쓰리 컬러 소파',600),(35,3,'공원 벤치 아님',600),(36,4,'영화관인줄 의자',700),(37,4,'동심 소환 슬라이드',800),(38,4,'부탁해 나의 냉장고',800),(39,4,'베토벤의 귀환 피아노',600),(40,4,'싱어송라이터의 건반',500),(41,4,'오레오 장난감 선반',500),(42,4,'레몬 샤케라또 책꽂이',500),(43,4,'우디와 버즈의 수납함',500),(44,4,'사이다주세요 선반',600),(45,4,'그레이 피쉬 소파',600),(46,4,'유산소는 런닝머신',700),(47,4,'어린이 전용 주차장',500),(48,4,'콜라는 제로지 선반',600),(49,5,'아임 그루트 협탁',500),(50,5,'브라운 미니 협탁',500),(51,5,'자판기는 다판디',700),(52,5,'카라멜 맛 팝콘',600),(53,5,'노란색 빛을 내는 꽃',500),(54,5,'덩쿨당 화병',500),(55,5,'이탈리아 미술관 화병',500),(56,5,'벚꽃 구경은 여기에서',500),(57,5,'대파 아닙니다만',500),(58,5,'베이지 에그 체어',600),(59,5,'갬성 카페 의자',600),(60,5,'이케아 감성 전등',600),(61,5,'삼각대 겸 램프',600),(62,5,'클래식 고딕 램프',600),(63,5,'화이트 뱅글 체어',600),(64,5,'벽난로 앞 할머니 의자',600),(65,5,'벨벳 오렌지 체어',600),(66,5,'여긴 마치 스피커',700),(67,5,'블루문 안락 의자',600),(68,5,'바나나 안락 의자',600),(69,5,'올블랙 안락 의자',600),(70,5,'흰구름 오토만',500),(71,5,'나만없어 캣타워',700),(72,5,'레드 하이 선반',700),(73,5,'시원한 미니 냉장고',700),(74,5,'조던이 갖고 싶은 농구대',600),(75,6,'초코 바나나 침대',800),(76,6,'개나리 피크닉 침대',800),(77,6,'이바돔 슬라이드',900),(78,6,'가평 워터 슬라이드',1000),(79,6,'포그니 그레이 소파',800),(80,6,'롸끈한 소파',900),(81,6,'산토리니 대형 소파',1000),(82,6,'카카오 99프로 소파',800),(83,6,'가나다란 소파',900),(84,6,'오렌지 배색 소파',1000),(85,6,'락앤롤 스피릿 TV',800),(86,6,'최고급 스피커 TV',900),(87,6,'장인의 숨결 TV',1000),(88,6,'수납 끝판왕 TV',800),(89,6,'무난한 가정집 TV',700),(90,6,'블루 블랙 TV',800),(91,6,'모던 시크 TV',900),(92,7,'영화관인줄 의자',700),(93,7,'동심 소환 슬라이드',800),(94,7,'부탁해 너의 냉장고',800),(95,7,'베토벤의 귀환 피아노',600),(96,7,'싱어송라이터의 건반',500),(97,7,'오레오 장난감 선반',500),(98,7,'레몬 샤케라또 책꽂이',500),(99,7,'우디와 버즈의 수납함',500),(100,7,'사이다 주세요 선반',600),(101,7,'그레이 피쉬 소파',600),(102,7,'유산소는 런닝머신',700),(103,7,'어린이 전용 주차장',500),(104,7,'콜라는 제로지 선반',600),(105,7,'티비장이었던 선반',600),(106,8,'스위트룸 침대',700),(107,8,'내일은 당구왕',800),(108,8,'꿈나무 화가 찾아요',700),(109,8,'더블디 레볼루션',800),(110,8,'니공내공 에어하키',800),(111,8,'이바돔 정글짐',800),(112,8,'둠칫 키즈 방방이',600),(113,8,'핑크 바디 체어',500),(114,8,'재택근무는 즐거워',600),(115,8,'핑키핑키 소파베드',800),(116,8,'브라운 2인 소파베드',700),(117,9,'스위트룸 침대',700),(118,9,'내일은 당구왕',800),(119,9,'꿈나무 화가 찾아요',700),(120,9,'더블디 레볼루션',800),(121,9,'니공내공 에어하키',800),(122,9,'이바돔 정글짐',800),(123,9,'둠칫 키즈 방방이',600),(124,9,'핑크 바디 체어',500),(125,9,'재택근무는 즐거워',600),(126,9,'핑키핑키 소파베드',800),(127,9,'브라운 2인 소파베드',700),(128,10,'블랙 램프 협탁',500),(129,10,'브라운 미니 협탁',500),(130,10,'자판기는 다판디',700),(131,10,'프로게이머가 될거야',800),(132,10,'꿈을 꾸는 나무',500),(133,10,'덩쿨당 화병',500),(134,10,'이탈리아 미술관 화병',500),(135,10,'벚꽃 구경은 여기에서',500),(136,10,'여친보다 예쁜 꽃',500),(137,10,'베이지 에그 체어',600),(138,10,'이케아 감성 전등',600),(139,10,'삼각대 겸 램프',600),(140,10,'클래식 고딕 램프',600),(141,10,'화이트 뱅글 체어',600),(142,10,'벽난로 앞 할머니 의자',600),(143,10,'벨벳 오렌지 체어',600),(144,10,'그레이 클럽 스피커',700),(145,10,'블루문 안락 의자',600),(146,10,'바나나 안락 의자',600),(147,10,'올블랙 안락 의자',600),(148,10,'흰구름 오토만',500),(149,10,'나만없어 캣타워',700),(150,10,'레드 하이 선반',700),(151,10,'시원한 미니 냉장고',700),(152,10,'조던이 갖고 싶은 농구대',600),(153,11,'블랙 램프 협탁',500),(154,11,'브라운 미니 협탁',500),(155,11,'자판기는 다판디',700),(156,11,'프로게이머가 될거야',800),(157,11,'꿈을 꾸는 나무',500),(158,11,'덩쿨당 화병',500),(159,11,'이탈리아 미술관 화병',500),(160,11,'벚꽃 구경은 여기에서',500),(161,11,'여친보다 예쁜 꽃',500),(162,11,'베이지 에그 체어',600),(163,11,'이케아 감성 전등',600),(164,11,'삼각대 겸 램프',600),(165,11,'클래식 고딕 램프',600),(166,11,'화이트 뱅글 체어',600),(167,11,'벽난로 앞 할머니 의자',600),(168,11,'벨벳 오렌지 체어',600),(169,11,'그레이 클럽 스피커',700),(170,11,'블루문 안락 의자',600),(171,11,'바나나 안락 의자',600),(172,11,'올블랙 안락 의자',600),(173,11,'흰구름 오토만',500),(174,11,'나만없어 캣타워',700),(175,11,'레드 하이 선반',700),(176,11,'시원한 미니 냉장고',700),(177,11,'조던이 갖고 싶은 농구대',600),(178,12,'초코 바나나 침대',800),(179,12,'개나리 피크닉 침대',800),(180,12,'이바돔 슬라이드',900),(181,12,'가평 워터 슬라이드',1000),(182,12,'포그니 그레이 소파',800),(183,12,'롸끈한 소파',900),(184,12,'산토리니 대형 소파',1000),(185,12,'카카오 99프로 소파',800),(186,12,'가나다란 소파',900),(187,12,'오렌지 배색 소파',1000),(188,12,'락앤롤 스피릿 TV',800),(189,12,'최고급 스피커 TV',900),(190,12,'장인의 숨결 TV',1000),(191,12,'수납 끝판왕 TV',800),(192,12,'무난한 가정집 TV',700),(193,12,'블루 블랙 TV',800),(194,12,'모던 시크 TV',900),(195,13,'커피와 초코시럽 사이',600),(196,13,'책을 읽읍시다 테이블',500),(197,13,'꾸잉 꾸잉 테이블',600),(198,13,'손수건 서비스 테이블',700),(199,13,'핼리콥터 착륙 테이블',600),(200,13,'공놀이를 일으켜',800),(201,13,'도토리나무 테이블',600),(202,13,'라운드 블루 테이블',500),(203,13,'디저트 뇸뇸 테이블',600),(204,13,'콩쿨 우승 피아노',800),(205,13,'오또케 오토만',500),(206,13,'바벨 거치대',600),(207,13,'암컬 맞을컬',600),(208,13,'3대 500 벤치프레스',600),(209,14,'커피와 초코시럽 테이블',600),(210,14,'책을 읽읍시다 테이블',500),(211,14,'꾸잉 꾸잉 테이블',600),(212,14,'손수건 서비스 테이블',700),(213,14,'핼리콥터 착륙 테이블',600),(214,14,'공놀이를 일으켜',800),(215,14,'도토리나무 테이블',600),(216,14,'라운드 블루 테이블',500),(217,14,'디저트 뇸뇸 테이블',600),(218,14,'콩쿨 우승 피아노',800),(219,14,'오또케 오토만',500),(220,14,'바벨 거치대',600),(221,14,'암컬 맞을컬',600),(222,14,'3대 500 벤치프레스',600);
/*!40000 ALTER TABLE `furniture` ENABLE KEYS */;
UNLOCK TABLES;

--
-- Table structure for table `letter`
--

DROP TABLE IF EXISTS `letter`;
/*!40101 SET @saved_cs_client     = @@character_set_client */;
/*!50503 SET character_set_client = utf8mb4 */;
CREATE TABLE `letter` (
  `id` bigint NOT NULL AUTO_INCREMENT,
  `content` varchar(255) DEFAULT NULL,
  `is_read` tinyint NOT NULL DEFAULT '0',
  `reg` datetime NOT NULL DEFAULT CURRENT_TIMESTAMP,
  `from` bigint NOT NULL,
  `to` bigint NOT NULL,
  `stationery` varchar(255) NOT NULL,
  PRIMARY KEY (`id`),
  UNIQUE KEY `id_UNIQUE` (`id`),
  KEY `FK_user_TO_letter_1` (`from`),
  KEY `FK_user_TO_letter_2` (`to`),
  CONSTRAINT `FK_user_TO_letter_1` FOREIGN KEY (`from`) REFERENCES `user` (`id`),
  CONSTRAINT `FK_user_TO_letter_2` FOREIGN KEY (`to`) REFERENCES `user` (`id`)
) ENGINE=InnoDB AUTO_INCREMENT=34 DEFAULT CHARSET=utf8mb4 COLLATE=utf8mb4_0900_ai_ci;
/*!40101 SET character_set_client = @saved_cs_client */;

--
-- Dumping data for table `letter`
--

LOCK TABLES `letter` WRITE;
/*!40000 ALTER TABLE `letter` DISABLE KEYS */;
INSERT INTO `letter` VALUES (1,'ㅋㅎㅋㅎㅋㅎㅋㅎ',1,'2022-11-16 01:32:17',2,1,'green'),(2,'하이하이 밍귤',1,'2022-11-16 01:35:23',1,2,'pink'),(3,'sysysysysy',1,'2022-11-16 01:37:50',3,1,'yellow'),(4,'good evening',1,'2022-11-16 01:43:24',4,1,'yellow'),(5,'승연아 디비 미러서 미아내',1,'2022-11-16 01:44:18',5,1,'green'),(6,'ㅋㅋㅋㅋㅋ',1,'2022-11-16 01:54:44',8,1,'yellow'),(7,'bobobobobobonananananana',0,'2022-11-17 00:32:45',2,4,'green'),(8,'보나야 잘자\n',0,'2022-11-17 02:53:45',1,4,'yellow'),(9,'zxczxcascasc',1,'2022-11-17 12:40:34',4,1,'pink'),(10,'우리 딸.. 이번 주말에 콘서트 간다고...??\n\n코로나 19가 다시 심해지고 있읍니다..\n\n부디 조심하고 우리딸 아자아자!!!~',1,'2022-11-14 13:42:16',12,11,'pink'),(11,'아들~~ 엄마가 사랑하는거 알지??\n이제 게임 그만하고 열심히 공부하자~~\n내년에 고3인데 좋은 학교 가야지~~~\n항상 엄마가 응원해!!♥️',0,'2022-11-14 13:51:09',13,10,'pink'),(12,'아부지\n늘 건강하시고\n저 마싯는거 많이 사주세영~~~~???\n알랍뽕따이',0,'2022-11-14 13:51:14',11,12,'green'),(13,'나 게임하는거 보고 뭐라 안해서 고맙다\n\n공부 열심히 하고 \n\n근데 과자 좀 말하고 먹어라 ㅋ\n\n화이팅!',1,'2022-11-14 13:52:11',10,11,'pink'),(14,'아브지\n용돈좀더주세요ㅠ\n대학생이한달에십마넌이시롸??\n옆집지영이는오십만원받던데ㅜ',0,'2022-11-15 14:03:25',11,12,'pink'),(15,'딸~~\n\n공부 열심히 하는 모습 보고 아빠도 열심히 살려고\n\n아는분한테 귤을 받았는데 귤 먹고 힘내렴\n\n우리딸 사랑해',1,'2022-11-15 14:03:57',12,11,'green'),(16,'무뚝뚝하지만 항상 가족을 생각하는거 잘 알아요~~\n\n언제나 돈 벌어오느라 힘들텐데 힘든 내색 없이 잘 지내줘서 고마워요\n\n근데 이번에 샤넬 신상 나왔던데... 그냥 그렇다구요',1,'2022-11-15 14:05:00',13,12,'green'),(17,'누나 제발 씻어\n\n진짜 이런말 얼굴보고 하기 힘들어서..\n\n제발.. 씻고 나와줬으면 해..\n\n화내지 말고.. 고마워',1,'2022-11-15 14:05:53',10,11,'yellow'),(18,'엄마는 왜 아빠랑 결혼한거야??\n미스테리\n마이 마쟈 화이탱~❤?',1,'2022-11-16 14:07:18',11,13,'yellow'),(19,'아들아 철좀 들어라\n맨날 방에서 잠 게임 잠 게임\n언제 공부하고 언제 대학가고 할래?\n너 때문에 속이 터진다 터져 어휴',1,'2022-11-16 14:07:45',13,10,'yellow'),(20,'최근에 동생이랑 씻는거때문에 싸웠다며??\n\n누구의 말이 맞는진 모르겠지만\n\n내 후각은 꽤나 정확해..\n\n용기 낸 동생에게 고맙고\n\n화이팅~~~',1,'2022-11-16 14:07:52',12,11,'yellow'),(21,'엄마!\n\n라면끓여줘!\n\n너구리 고추 계란\n\n마시쪙!!\n\n늘 제 이상한 말 들어줘서 고마워용~',1,'2022-11-16 14:08:58',10,13,'green'),(22,'엄마!! \n\n요즘 많이 힘드신거 같아요.\n\n제가 열심히 살아서 꼭 효도할게요~\n\n구르트',1,'2022-11-17 14:11:02',10,13,'pink'),(23,'얌마 너나 씻어 나 아니라고!!!!!\n브라자 좋은말할때 적당히해',1,'2022-11-17 14:13:01',11,10,'pink'),(24,'마이 도우챠,\n\n꿈을 향해 늘 전심으로 호카스 하는 너의 모습\n\n늘 화이또다.\n\n힘들겠지만 끝까지 노력해서 드리무 카무 츠루다!!',1,'2022-11-13 14:13:14',12,11,'pink'),(25,'사랑하는 딸~♥️\n\n요즘 힘든일은 없지~~?\n\n엄마가 집안일 하느라 신경 많이 못써줘서 미안해~\n\n그래도 우리 딸은 언제나 잘 할거라 엄마는 믿어요.\n\n나중에 아빠 보너스 타면 엄마랑 같이 쇼핑하러가자~~\n\n사랑한다~~',1,'2022-11-17 14:15:28',13,11,'pink'),(26,'항상 열심히 해줘서 고마워',1,'2022-11-18 13:01:19',12,13,'yellow'),(27,'우리딸 싸피때문에 고생이 많지??\n\n얼마 안 남았으니 끝까지 열심히 해서\n\n원하는 결과 얻기를 ^^❤',0,'2022-11-18 13:39:49',17,16,'pink'),(28,'우리 딸 열심히 하는 모습 \n\n아빠도 힘 받고 열심히 할게.~\n\n그래도 건강이 최우선이란다',0,'2022-11-18 13:48:57',21,16,'green'),(29,'발표 아자아자 파이팅!!!!!\n\n이승연!!! 이승연!!!!이승연!!! 이승연!!!!이승연!!! 이승연!!!!이승연!!! 이승연!!!!이승연!!! 이승연!!!!이승연!!! 이승연!!이승연!!! 이승연!!! 이승연!!!!이승연!!! 이승연!!!!이승연!!! 이승연!!!!이승연!!! 이승연!!!!이승연!!! 이승연!!!!이승연!!! 이승연!!이승연!!! 이승연!!!!!!!!!!이승연!!! 이승연!!!!이승연!!! 이승연!!!!이승연!!! ',0,'2022-11-18 13:55:27',20,16,'pink'),(31,'발표 잘할 수 있다!!!\n\n화이팅이야!!!!\n',0,'2022-11-18 13:57:05',18,16,'green'),(32,'seungyeon\nlove you my roomie\nyou are very wonderful teamjang!!!!!\nthank you so much\n',1,'2022-11-18 13:58:37',19,16,'pink'),(33,'우리딸 항상 열심히 하는 모습 보고 엄마도 많이 배운단다.\n\n근데 잠은 좀 제 때 일어나고\n\n방좀\n\n치  워  라 ^^',0,'2022-11-18 15:43:51',13,11,'pink');
/*!40000 ALTER TABLE `letter` ENABLE KEYS */;
UNLOCK TABLES;

--
-- Table structure for table `notification`
--

DROP TABLE IF EXISTS `notification`;
/*!40101 SET @saved_cs_client     = @@character_set_client */;
/*!50503 SET character_set_client = utf8mb4 */;
CREATE TABLE `notification` (
  `id` bigint NOT NULL AUTO_INCREMENT,
  `user_id` bigint NOT NULL,
  `message` varchar(255) NOT NULL,
  `link` varchar(255) DEFAULT NULL,
  `is_read` tinyint NOT NULL DEFAULT '0',
  `image` varchar(200) DEFAULT NULL,
  `reg` datetime DEFAULT NULL,
  PRIMARY KEY (`id`),
  UNIQUE KEY `id_UNIQUE` (`id`),
  KEY `FK_user_TO_notification_1` (`user_id`),
  CONSTRAINT `FK_user_TO_notification_1` FOREIGN KEY (`user_id`) REFERENCES `user` (`id`)
) ENGINE=InnoDB AUTO_INCREMENT=967 DEFAULT CHARSET=utf8mb4 COLLATE=utf8mb4_0900_ai_ci;
/*!40101 SET character_set_client = @saved_cs_client */;

--
-- Dumping data for table `notification`
--

LOCK TABLES `notification` WRITE;
/*!40000 ALTER TABLE `notification` DISABLE KEYS */;
INSERT INTO `notification` VALUES (1,1,'스크롤님이 게시글을 등록했습니다. 확인해보세요!','myapp://zip.com/board/1',1,'https://projectzip.s3.ap-northeast-2.amazonaws.com/profiles/f_1.png','2022-11-16 01:20:06'),(2,2,'sy님이 사진을 올렸습니다. 확인해보세요!','myapp://zip.com/board',1,'https://projectzip.s3.ap-northeast-2.amazonaws.com/profiles/f_1.png','2022-11-16 01:21:50'),(3,2,'sy님이 사진을 올렸습니다. 확인해보세요!','myapp://zip.com/board',1,'https://projectzip.s3.ap-northeast-2.amazonaws.com/profiles/f_1.png','2022-11-16 01:22:29'),(4,2,'sy님이 사진을 올렸습니다. 확인해보세요!','myapp://zip.com/board',1,'https://projectzip.s3.ap-northeast-2.amazonaws.com/profiles/f_1.png','2022-11-16 01:24:21'),(5,2,'sy님이 사진을 올렸습니다. 확인해보세요!','myapp://zip.com/board',1,'https://projectzip.s3.ap-northeast-2.amazonaws.com/profiles/f_1.png','2022-11-16 01:27:56'),(6,2,'sy님이 사진을 올렸습니다. 확인해보세요!','myapp://zip.com/board',1,'https://projectzip.s3.ap-northeast-2.amazonaws.com/profiles/f_1.png','2022-11-16 01:28:28'),(7,2,'sy님이 사진을 올렸습니다. 확인해보세요!','myapp://zip.com/board',1,'https://projectzip.s3.ap-northeast-2.amazonaws.com/profiles/f_1.png','2022-11-16 01:28:38'),(8,1,'sy님이 함께하는 일정을 등록했습니다. 확인해보세요!','myapp://zip.com/calendar',1,'https://projectzip.s3.ap-northeast-2.amazonaws.com/profiles/f_7.png','2022-11-16 01:31:21'),(9,2,'sy님이 함께하는 일정을 등록했습니다. 확인해보세요!','myapp://zip.com/calendar',1,'https://projectzip.s3.ap-northeast-2.amazonaws.com/profiles/f_7.png','2022-11-16 01:31:21'),(10,1,'스크롤님이 게시글을 등록했습니다. 확인해보세요!','myapp://zip.com/board/2',1,'https://projectzip.s3.ap-northeast-2.amazonaws.com/profiles/f_1.png','2022-11-16 01:31:41'),(11,1,'스크롤님에게 오늘의 편지가 도착했습니다. 확인해보세요!','myapp://zip.com/board',1,'https://projectzip.s3.ap-northeast-2.amazonaws.com/profiles/f_1.png','2022-11-16 01:32:17'),(12,1,'스크롤님이 사진을 올렸습니다. 확인해보세요!','myapp://zip.com/board',1,'https://projectzip.s3.ap-northeast-2.amazonaws.com/profiles/f_1.png','2022-11-16 01:32:53'),(13,2,'sy님에게 오늘의 편지가 도착했습니다. 확인해보세요!','myapp://zip.com/letter/2',1,'https://projectzip.s3.ap-northeast-2.amazonaws.com/profiles/f_7.png','2022-11-16 01:35:23'),(14,1,'이도엽님에게 오늘의 편지가 도착했습니다. 확인해보세요!','myapp://zip.com/board',1,'https://projectzip.s3.ap-northeast-2.amazonaws.com/profiles/m_9.png','2022-11-16 01:37:50'),(15,2,'sy님이 게시글을 등록했습니다. 확인해보세요!','myapp://zip.com/board/3',1,'https://projectzip.s3.ap-northeast-2.amazonaws.com/profiles/f_7.png','2022-11-16 01:41:37'),(16,3,'sy님이 게시글을 등록했습니다. 확인해보세요!','myapp://zip.com/board/3',1,'https://projectzip.s3.ap-northeast-2.amazonaws.com/profiles/f_7.png','2022-11-16 01:41:37'),(17,5,'bbonnna님이 가족이 되었습니다. 확인해보세요!','myapp://zip.com/home',0,'https://projectzip.s3.ap-northeast-2.amazonaws.com/profiles/m_12.png','2022-11-16 01:42:31'),(18,1,'bbonnna님에게 오늘의 편지가 도착했습니다. 확인해보세요!','myapp://zip.com/board',1,'https://projectzip.s3.ap-northeast-2.amazonaws.com/profiles/m_12.png','2022-11-16 01:43:24'),(19,6,'뚜뚜님이 가족이 되었습니다. 확인해보세요!','myapp://zip.com/home',0,'https://projectzip.s3.ap-northeast-2.amazonaws.com/profiles/f_11.png','2022-11-16 01:43:51'),(20,1,'뚜뚜님에게 오늘의 편지가 도착했습니다. 확인해보세요!','myapp://zip.com/board',1,'https://projectzip.s3.ap-northeast-2.amazonaws.com/profiles/f_11.png','2022-11-16 01:44:18'),(21,2,'sy님이 사진을 올렸습니다. 확인해보세요!','myapp://zip.com/board',1,'https://projectzip.s3.ap-northeast-2.amazonaws.com/profiles/f_7.png','2022-11-16 01:45:45'),(22,3,'sy님이 사진을 올렸습니다. 확인해보세요!','myapp://zip.com/board',1,'https://projectzip.s3.ap-northeast-2.amazonaws.com/profiles/f_7.png','2022-11-16 01:45:45'),(23,4,'sy님이 사진을 올렸습니다. 확인해보세요!','myapp://zip.com/board',1,'https://projectzip.s3.ap-northeast-2.amazonaws.com/profiles/f_7.png','2022-11-16 01:45:45'),(24,5,'sy님이 사진을 올렸습니다. 확인해보세요!','myapp://zip.com/board',0,'https://projectzip.s3.ap-northeast-2.amazonaws.com/profiles/f_7.png','2022-11-16 01:45:45'),(25,2,'sy님이 사진을 올렸습니다. 확인해보세요!','myapp://zip.com/board',1,'https://projectzip.s3.ap-northeast-2.amazonaws.com/profiles/f_7.png','2022-11-16 01:45:53'),(26,3,'sy님이 사진을 올렸습니다. 확인해보세요!','myapp://zip.com/board',1,'https://projectzip.s3.ap-northeast-2.amazonaws.com/profiles/f_7.png','2022-11-16 01:45:53'),(27,4,'sy님이 사진을 올렸습니다. 확인해보세요!','myapp://zip.com/board',1,'https://projectzip.s3.ap-northeast-2.amazonaws.com/profiles/f_7.png','2022-11-16 01:45:53'),(28,5,'sy님이 사진을 올렸습니다. 확인해보세요!','myapp://zip.com/board',0,'https://projectzip.s3.ap-northeast-2.amazonaws.com/profiles/f_7.png','2022-11-16 01:45:53'),(29,4,'sy님이 일정을 등록했습니다. 확인해보세요!','myapp://zip.com/calendar',1,'https://projectzip.s3.ap-northeast-2.amazonaws.com/profiles/f_7.png','2022-11-16 01:46:16'),(30,1,'sy님이 함께하는 일정을 등록했습니다. 확인해보세요!','myapp://zip.com/calendar',1,'https://projectzip.s3.ap-northeast-2.amazonaws.com/profiles/f_7.png','2022-11-16 01:46:16'),(31,5,'sy님이 일정을 등록했습니다. 확인해보세요!','myapp://zip.com/calendar',0,'https://projectzip.s3.ap-northeast-2.amazonaws.com/profiles/f_7.png','2022-11-16 01:46:16'),(32,2,'sy님이 함께하는 일정을 등록했습니다. 확인해보세요!','myapp://zip.com/calendar',1,'https://projectzip.s3.ap-northeast-2.amazonaws.com/profiles/f_7.png','2022-11-16 01:46:16'),(33,3,'sy님이 함께하는 일정을 등록했습니다. 확인해보세요!','myapp://zip.com/calendar',1,'https://projectzip.s3.ap-northeast-2.amazonaws.com/profiles/f_7.png','2022-11-16 01:46:16'),(34,2,'sy님이 게시글을 등록했습니다. 확인해보세요!','myapp://zip.com/board/4',1,'https://projectzip.s3.ap-northeast-2.amazonaws.com/profiles/f_7.png','2022-11-16 01:48:13'),(35,3,'sy님이 게시글을 등록했습니다. 확인해보세요!','myapp://zip.com/board/4',1,'https://projectzip.s3.ap-northeast-2.amazonaws.com/profiles/f_7.png','2022-11-16 01:48:13'),(36,4,'sy님이 게시글을 등록했습니다. 확인해보세요!','myapp://zip.com/board/4',1,'https://projectzip.s3.ap-northeast-2.amazonaws.com/profiles/f_7.png','2022-11-16 01:48:13'),(37,5,'sy님이 게시글을 등록했습니다. 확인해보세요!','myapp://zip.com/board/4',1,'https://projectzip.s3.ap-northeast-2.amazonaws.com/profiles/f_7.png','2022-11-16 01:48:13'),(38,6,'순수님이 가족이 되었습니다. 확인해보세요!','myapp://zip.com/home',0,'https://projectzip.s3.ap-northeast-2.amazonaws.com/profiles/m_9.png','2022-11-16 01:53:35'),(39,7,'순수님이 가족이 되었습니다. 확인해보세요!','myapp://zip.com/home',0,'https://projectzip.s3.ap-northeast-2.amazonaws.com/profiles/m_9.png','2022-11-16 01:53:35'),(40,1,'순수님에게 오늘의 편지가 도착했습니다. 확인해보세요!','myapp://zip.com/board',1,'https://projectzip.s3.ap-northeast-2.amazonaws.com/profiles/m_11.png','2022-11-16 01:54:44'),(41,1,'가족과 함께하는 ‘오늘의 편지’ 미션을 성공했습니다!','myapp://zip.com/board',1,'https://projectzip.s3.ap-northeast-2.amazonaws.com/profiles/m_11.png','2022-11-16 01:54:44'),(42,2,'가족과 함께하는 ‘오늘의 편지’ 미션을 성공했습니다!','myapp://zip.com/board',1,'https://projectzip.s3.ap-northeast-2.amazonaws.com/profiles/m_11.png','2022-11-16 01:54:44'),(43,3,'가족과 함께하는 ‘오늘의 편지’ 미션을 성공했습니다!','myapp://zip.com/board',1,'https://projectzip.s3.ap-northeast-2.amazonaws.com/profiles/m_11.png','2022-11-16 01:54:44'),(44,4,'가족과 함께하는 ‘오늘의 편지’ 미션을 성공했습니다!','myapp://zip.com/board',1,'https://projectzip.s3.ap-northeast-2.amazonaws.com/profiles/m_11.png','2022-11-16 01:54:44'),(45,5,'가족과 함께하는 ‘오늘의 편지’ 미션을 성공했습니다!','myapp://zip.com/board',1,'https://projectzip.s3.ap-northeast-2.amazonaws.com/profiles/m_11.png','2022-11-16 01:54:44'),(46,8,'가족과 함께하는 ‘오늘의 편지’ 미션을 성공했습니다!','myapp://zip.com/board',0,'https://projectzip.s3.ap-northeast-2.amazonaws.com/profiles/m_11.png','2022-11-16 01:54:44'),(47,5,'bbonnna님이 일정을 등록했습니다. 확인해보세요!','myapp://zip.com/calendar',0,'https://projectzip.s3.ap-northeast-2.amazonaws.com/profiles/m_12.png','2022-11-16 02:01:24'),(48,1,'bbonnna님이 함께하는 일정을 등록했습니다. 확인해보세요!','myapp://zip.com/calendar',1,'https://projectzip.s3.ap-northeast-2.amazonaws.com/profiles/m_12.png','2022-11-16 02:01:24'),(49,2,'bbonnna님이 함께하는 일정을 등록했습니다. 확인해보세요!','myapp://zip.com/calendar',1,'https://projectzip.s3.ap-northeast-2.amazonaws.com/profiles/m_12.png','2022-11-16 02:01:24'),(50,3,'bbonnna님이 함께하는 일정을 등록했습니다. 확인해보세요!','myapp://zip.com/calendar',1,'https://projectzip.s3.ap-northeast-2.amazonaws.com/profiles/m_12.png','2022-11-16 02:01:24'),(51,8,'bbonnna님이 함께하는 일정을 등록했습니다. 확인해보세요!','myapp://zip.com/calendar',0,'https://projectzip.s3.ap-northeast-2.amazonaws.com/profiles/m_12.png','2022-11-16 02:01:24'),(52,4,'bbonnna님이 함께하는 일정을 등록했습니다. 확인해보세요!','myapp://zip.com/calendar',1,'https://projectzip.s3.ap-northeast-2.amazonaws.com/profiles/m_12.png','2022-11-16 02:01:50'),(53,5,'bbonnna님이 함께하는 일정을 등록했습니다. 확인해보세요!','myapp://zip.com/calendar',0,'https://projectzip.s3.ap-northeast-2.amazonaws.com/profiles/m_12.png','2022-11-16 02:01:50'),(54,1,'bbonnna님이 일정을 등록했습니다. 확인해보세요!','myapp://zip.com/calendar',1,'https://projectzip.s3.ap-northeast-2.amazonaws.com/profiles/m_12.png','2022-11-16 02:01:50'),(55,2,'bbonnna님이 일정을 등록했습니다. 확인해보세요!','myapp://zip.com/calendar',1,'https://projectzip.s3.ap-northeast-2.amazonaws.com/profiles/m_12.png','2022-11-16 02:01:50'),(56,3,'bbonnna님이 일정을 등록했습니다. 확인해보세요!','myapp://zip.com/calendar',1,'https://projectzip.s3.ap-northeast-2.amazonaws.com/profiles/m_12.png','2022-11-16 02:01:50'),(57,8,'bbonnna님이 일정을 등록했습니다. 확인해보세요!','myapp://zip.com/calendar',0,'https://projectzip.s3.ap-northeast-2.amazonaws.com/profiles/m_12.png','2022-11-16 02:01:50'),(58,1,'이도엽님이 사진을 올렸습니다. 확인해보세요!','myapp://zip.com/board',1,'https://projectzip.s3.ap-northeast-2.amazonaws.com/profiles/m_9.png','2022-11-16 02:05:05'),(59,2,'이도엽님이 사진을 올렸습니다. 확인해보세요!','myapp://zip.com/board',1,'https://projectzip.s3.ap-northeast-2.amazonaws.com/profiles/m_9.png','2022-11-16 02:05:05'),(60,4,'이도엽님이 사진을 올렸습니다. 확인해보세요!','myapp://zip.com/board',1,'https://projectzip.s3.ap-northeast-2.amazonaws.com/profiles/m_9.png','2022-11-16 02:05:05'),(61,5,'이도엽님이 사진을 올렸습니다. 확인해보세요!','myapp://zip.com/board',0,'https://projectzip.s3.ap-northeast-2.amazonaws.com/profiles/m_9.png','2022-11-16 02:05:05'),(62,8,'이도엽님이 사진을 올렸습니다. 확인해보세요!','myapp://zip.com/board',0,'https://projectzip.s3.ap-northeast-2.amazonaws.com/profiles/m_9.png','2022-11-16 02:05:05'),(63,4,'bbonnna님이 함께하는 일정을 등록했습니다. 확인해보세요!','myapp://zip.com/calendar',1,'https://projectzip.s3.ap-northeast-2.amazonaws.com/profiles/m_12.png','2022-11-16 02:11:04'),(64,5,'bbonnna님이 함께하는 일정을 등록했습니다. 확인해보세요!','myapp://zip.com/calendar',0,'https://projectzip.s3.ap-northeast-2.amazonaws.com/profiles/m_12.png','2022-11-16 02:11:04'),(65,1,'bbonnna님이 일정을 등록했습니다. 확인해보세요!','myapp://zip.com/calendar',1,'https://projectzip.s3.ap-northeast-2.amazonaws.com/profiles/m_12.png','2022-11-16 02:11:04'),(66,2,'bbonnna님이 일정을 등록했습니다. 확인해보세요!','myapp://zip.com/calendar',1,'https://projectzip.s3.ap-northeast-2.amazonaws.com/profiles/m_12.png','2022-11-16 02:11:04'),(67,3,'bbonnna님이 일정을 등록했습니다. 확인해보세요!','myapp://zip.com/calendar',1,'https://projectzip.s3.ap-northeast-2.amazonaws.com/profiles/m_12.png','2022-11-16 02:11:04'),(68,8,'bbonnna님이 일정을 등록했습니다. 확인해보세요!','myapp://zip.com/calendar',0,'https://projectzip.s3.ap-northeast-2.amazonaws.com/profiles/m_12.png','2022-11-16 02:11:04'),(69,3,'bbonnna님이 일정을 등록했습니다. 확인해보세요!','myapp://zip.com/calendar',1,'https://projectzip.s3.ap-northeast-2.amazonaws.com/profiles/m_12.png','2022-11-16 02:11:41'),(70,8,'bbonnna님이 일정을 등록했습니다. 확인해보세요!','myapp://zip.com/calendar',0,'https://projectzip.s3.ap-northeast-2.amazonaws.com/profiles/m_12.png','2022-11-16 02:11:41'),(71,1,'bbonnna님이 함께하는 일정을 등록했습니다. 확인해보세요!','myapp://zip.com/calendar',1,'https://projectzip.s3.ap-northeast-2.amazonaws.com/profiles/m_12.png','2022-11-16 02:11:41'),(72,2,'bbonnna님이 함께하는 일정을 등록했습니다. 확인해보세요!','myapp://zip.com/calendar',1,'https://projectzip.s3.ap-northeast-2.amazonaws.com/profiles/m_12.png','2022-11-16 02:11:41'),(73,4,'bbonnna님이 함께하는 일정을 등록했습니다. 확인해보세요!','myapp://zip.com/calendar',1,'https://projectzip.s3.ap-northeast-2.amazonaws.com/profiles/m_12.png','2022-11-16 02:11:41'),(74,5,'bbonnna님이 함께하는 일정을 등록했습니다. 확인해보세요!','myapp://zip.com/calendar',0,'https://projectzip.s3.ap-northeast-2.amazonaws.com/profiles/m_12.png','2022-11-16 02:11:41'),(75,1,'bbonnna님이 일정을 등록했습니다. 확인해보세요!','myapp://zip.com/calendar',1,'https://projectzip.s3.ap-northeast-2.amazonaws.com/profiles/m_12.png','2022-11-16 02:12:03'),(76,2,'bbonnna님이 함께하는 일정을 등록했습니다. 확인해보세요!','myapp://zip.com/calendar',1,'https://projectzip.s3.ap-northeast-2.amazonaws.com/profiles/m_12.png','2022-11-16 02:12:03'),(77,3,'bbonnna님이 일정을 등록했습니다. 확인해보세요!','myapp://zip.com/calendar',1,'https://projectzip.s3.ap-northeast-2.amazonaws.com/profiles/m_12.png','2022-11-16 02:12:03'),(78,4,'bbonnna님이 함께하는 일정을 등록했습니다. 확인해보세요!','myapp://zip.com/calendar',1,'https://projectzip.s3.ap-northeast-2.amazonaws.com/profiles/m_12.png','2022-11-16 02:12:03'),(79,8,'bbonnna님이 일정을 등록했습니다. 확인해보세요!','myapp://zip.com/calendar',0,'https://projectzip.s3.ap-northeast-2.amazonaws.com/profiles/m_12.png','2022-11-16 02:12:03'),(80,5,'bbonnna님이 함께하는 일정을 등록했습니다. 확인해보세요!','myapp://zip.com/calendar',0,'https://projectzip.s3.ap-northeast-2.amazonaws.com/profiles/m_12.png','2022-11-16 02:12:03'),(81,5,'순수님이 함께하는 일정을 등록했습니다. 확인해보세요!','myapp://zip.com/calendar',0,'https://projectzip.s3.ap-northeast-2.amazonaws.com/profiles/m_1.png','2022-11-16 02:13:01'),(82,1,'순수님이 일정을 등록했습니다. 확인해보세요!','myapp://zip.com/calendar',1,'https://projectzip.s3.ap-northeast-2.amazonaws.com/profiles/m_1.png','2022-11-16 02:13:01'),(83,2,'순수님이 일정을 등록했습니다. 확인해보세요!','myapp://zip.com/calendar',1,'https://projectzip.s3.ap-northeast-2.amazonaws.com/profiles/m_1.png','2022-11-16 02:13:01'),(84,3,'순수님이 일정을 등록했습니다. 확인해보세요!','myapp://zip.com/calendar',1,'https://projectzip.s3.ap-northeast-2.amazonaws.com/profiles/m_1.png','2022-11-16 02:13:01'),(85,4,'순수님이 일정을 등록했습니다. 확인해보세요!','myapp://zip.com/calendar',1,'https://projectzip.s3.ap-northeast-2.amazonaws.com/profiles/m_1.png','2022-11-16 02:13:01'),(86,1,'밍귤님이 함께하는 일정을 등록했습니다. 확인해보세요!','myapp://zip.com/calendar',1,'https://projectzip.s3.ap-northeast-2.amazonaws.com/profiles/m_11.png','2022-11-16 02:14:13'),(87,2,'밍귤님이 함께하는 일정을 등록했습니다. 확인해보세요!','myapp://zip.com/calendar',1,'https://projectzip.s3.ap-northeast-2.amazonaws.com/profiles/m_11.png','2022-11-16 02:14:13'),(88,3,'밍귤님이 일정을 등록했습니다. 확인해보세요!','myapp://zip.com/calendar',1,'https://projectzip.s3.ap-northeast-2.amazonaws.com/profiles/m_11.png','2022-11-16 02:14:13'),(89,4,'밍귤님이 일정을 등록했습니다. 확인해보세요!','myapp://zip.com/calendar',1,'https://projectzip.s3.ap-northeast-2.amazonaws.com/profiles/m_11.png','2022-11-16 02:14:13'),(90,5,'밍귤님이 일정을 등록했습니다. 확인해보세요!','myapp://zip.com/calendar',0,'https://projectzip.s3.ap-northeast-2.amazonaws.com/profiles/m_11.png','2022-11-16 02:14:13'),(91,8,'밍귤님이 일정을 등록했습니다. 확인해보세요!','myapp://zip.com/calendar',0,'https://projectzip.s3.ap-northeast-2.amazonaws.com/profiles/m_11.png','2022-11-16 02:14:13'),(92,1,'밍귤님이 오늘의 백문백답을 등록했습니다. 확인해보세요!','myapp://zip.com/qna/1',1,'https://projectzip.s3.ap-northeast-2.amazonaws.com/profiles/m_11.png','2022-11-16 09:01:34'),(93,3,'밍귤님이 오늘의 백문백답을 등록했습니다. 확인해보세요!','myapp://zip.com/qna/1',1,'https://projectzip.s3.ap-northeast-2.amazonaws.com/profiles/m_11.png','2022-11-16 09:01:34'),(94,4,'밍귤님이 오늘의 백문백답을 등록했습니다. 확인해보세요!','myapp://zip.com/qna/1',1,'https://projectzip.s3.ap-northeast-2.amazonaws.com/profiles/m_11.png','2022-11-16 09:01:34'),(95,5,'밍귤님이 오늘의 백문백답을 등록했습니다. 확인해보세요!','myapp://zip.com/qna/1',0,'https://projectzip.s3.ap-northeast-2.amazonaws.com/profiles/m_11.png','2022-11-16 09:01:34'),(96,8,'밍귤님이 오늘의 백문백답을 등록했습니다. 확인해보세요!','myapp://zip.com/qna/1',0,'https://projectzip.s3.ap-northeast-2.amazonaws.com/profiles/m_11.png','2022-11-16 09:01:34'),(97,1,'뚜뚜님이 오늘의 백문백답을 등록했습니다. 확인해보세요!','myapp://zip.com/qna/1',1,'https://projectzip.s3.ap-northeast-2.amazonaws.com/profiles/f_11.png','2022-11-16 09:03:41'),(98,2,'뚜뚜님이 오늘의 백문백답을 등록했습니다. 확인해보세요!','myapp://zip.com/qna/1',1,'https://projectzip.s3.ap-northeast-2.amazonaws.com/profiles/f_11.png','2022-11-16 09:03:41'),(99,3,'뚜뚜님이 오늘의 백문백답을 등록했습니다. 확인해보세요!','myapp://zip.com/qna/1',1,'https://projectzip.s3.ap-northeast-2.amazonaws.com/profiles/f_11.png','2022-11-16 09:03:41'),(100,4,'뚜뚜님이 오늘의 백문백답을 등록했습니다. 확인해보세요!','myapp://zip.com/qna/1',1,'https://projectzip.s3.ap-northeast-2.amazonaws.com/profiles/f_11.png','2022-11-16 09:03:41'),(101,8,'뚜뚜님이 오늘의 백문백답을 등록했습니다. 확인해보세요!','myapp://zip.com/qna/1',0,'https://projectzip.s3.ap-northeast-2.amazonaws.com/profiles/f_11.png','2022-11-16 09:03:41'),(102,1,'순수님이 오늘의 백문백답을 등록했습니다. 확인해보세요!','myapp://zip.com/qna/1',1,'https://projectzip.s3.ap-northeast-2.amazonaws.com/profiles/m_1.png','2022-11-16 09:12:23'),(103,2,'순수님이 오늘의 백문백답을 등록했습니다. 확인해보세요!','myapp://zip.com/qna/1',1,'https://projectzip.s3.ap-northeast-2.amazonaws.com/profiles/m_1.png','2022-11-16 09:12:23'),(104,3,'순수님이 오늘의 백문백답을 등록했습니다. 확인해보세요!','myapp://zip.com/qna/1',1,'https://projectzip.s3.ap-northeast-2.amazonaws.com/profiles/m_1.png','2022-11-16 09:12:23'),(105,4,'순수님이 오늘의 백문백답을 등록했습니다. 확인해보세요!','myapp://zip.com/qna/1',1,'https://projectzip.s3.ap-northeast-2.amazonaws.com/profiles/m_1.png','2022-11-16 09:12:23'),(106,5,'순수님이 오늘의 백문백답을 등록했습니다. 확인해보세요!','myapp://zip.com/qna/1',0,'https://projectzip.s3.ap-northeast-2.amazonaws.com/profiles/m_1.png','2022-11-16 09:12:23'),(107,1,'bbonnna님이 오늘의 백문백답을 등록했습니다. 확인해보세요!','myapp://zip.com/qna/1',1,'https://projectzip.s3.ap-northeast-2.amazonaws.com/profiles/m_12.png','2022-11-16 09:24:34'),(108,2,'bbonnna님이 오늘의 백문백답을 등록했습니다. 확인해보세요!','myapp://zip.com/qna/1',1,'https://projectzip.s3.ap-northeast-2.amazonaws.com/profiles/m_12.png','2022-11-16 09:24:34'),(109,3,'bbonnna님이 오늘의 백문백답을 등록했습니다. 확인해보세요!','myapp://zip.com/qna/1',1,'https://projectzip.s3.ap-northeast-2.amazonaws.com/profiles/m_12.png','2022-11-16 09:24:34'),(110,5,'bbonnna님이 오늘의 백문백답을 등록했습니다. 확인해보세요!','myapp://zip.com/qna/1',1,'https://projectzip.s3.ap-northeast-2.amazonaws.com/profiles/m_12.png','2022-11-16 09:24:34'),(111,8,'bbonnna님이 오늘의 백문백답을 등록했습니다. 확인해보세요!','myapp://zip.com/qna/1',0,'https://projectzip.s3.ap-northeast-2.amazonaws.com/profiles/m_12.png','2022-11-16 09:24:34'),(112,1,'bbonnna님이 게시글을 등록했습니다. 확인해보세요!','myapp://zip.com/board/5',1,'https://projectzip.s3.ap-northeast-2.amazonaws.com/profiles/m_12.png','2022-11-16 09:26:25'),(113,2,'bbonnna님이 게시글을 등록했습니다. 확인해보세요!','myapp://zip.com/board/5',1,'https://projectzip.s3.ap-northeast-2.amazonaws.com/profiles/m_12.png','2022-11-16 09:26:25'),(114,3,'bbonnna님이 게시글을 등록했습니다. 확인해보세요!','myapp://zip.com/board/5',1,'https://projectzip.s3.ap-northeast-2.amazonaws.com/profiles/m_12.png','2022-11-16 09:26:25'),(115,5,'bbonnna님이 게시글을 등록했습니다. 확인해보세요!','myapp://zip.com/board/5',0,'https://projectzip.s3.ap-northeast-2.amazonaws.com/profiles/m_12.png','2022-11-16 09:26:25'),(116,8,'bbonnna님이 게시글을 등록했습니다. 확인해보세요!','myapp://zip.com/board/5',0,'https://projectzip.s3.ap-northeast-2.amazonaws.com/profiles/m_12.png','2022-11-16 09:26:25'),(117,4,'bbonnna님이 함께하는 일정을 등록했습니다. 확인해보세요!','myapp://zip.com/calendar',1,'https://projectzip.s3.ap-northeast-2.amazonaws.com/profiles/m_12.png','2022-11-16 09:29:12'),(118,1,'bbonnna님이 일정을 등록했습니다. 확인해보세요!','myapp://zip.com/calendar',1,'https://projectzip.s3.ap-northeast-2.amazonaws.com/profiles/m_12.png','2022-11-16 09:29:12'),(119,2,'bbonnna님이 일정을 등록했습니다. 확인해보세요!','myapp://zip.com/calendar',1,'https://projectzip.s3.ap-northeast-2.amazonaws.com/profiles/m_12.png','2022-11-16 09:29:12'),(120,3,'bbonnna님이 일정을 등록했습니다. 확인해보세요!','myapp://zip.com/calendar',1,'https://projectzip.s3.ap-northeast-2.amazonaws.com/profiles/m_12.png','2022-11-16 09:29:12'),(121,5,'bbonnna님이 일정을 등록했습니다. 확인해보세요!','myapp://zip.com/calendar',1,'https://projectzip.s3.ap-northeast-2.amazonaws.com/profiles/m_12.png','2022-11-16 09:29:12'),(122,8,'bbonnna님이 일정을 등록했습니다. 확인해보세요!','myapp://zip.com/calendar',1,'https://projectzip.s3.ap-northeast-2.amazonaws.com/profiles/m_12.png','2022-11-16 09:29:12'),(123,1,'밍귤님이 함께하는 일정을 등록했습니다. 확인해보세요!','myapp://zip.com/calendar',1,'https://projectzip.s3.ap-northeast-2.amazonaws.com/profiles/m_11.png','2022-11-16 09:29:15'),(124,2,'밍귤님이 함께하는 일정을 등록했습니다. 확인해보세요!','myapp://zip.com/calendar',1,'https://projectzip.s3.ap-northeast-2.amazonaws.com/profiles/m_11.png','2022-11-16 09:29:15'),(125,3,'밍귤님이 함께하는 일정을 등록했습니다. 확인해보세요!','myapp://zip.com/calendar',1,'https://projectzip.s3.ap-northeast-2.amazonaws.com/profiles/m_11.png','2022-11-16 09:29:15'),(126,4,'밍귤님이 함께하는 일정을 등록했습니다. 확인해보세요!','myapp://zip.com/calendar',1,'https://projectzip.s3.ap-northeast-2.amazonaws.com/profiles/m_11.png','2022-11-16 09:29:15'),(127,5,'밍귤님이 함께하는 일정을 등록했습니다. 확인해보세요!','myapp://zip.com/calendar',1,'https://projectzip.s3.ap-northeast-2.amazonaws.com/profiles/m_11.png','2022-11-16 09:29:15'),(128,8,'밍귤님이 함께하는 일정을 등록했습니다. 확인해보세요!','myapp://zip.com/calendar',0,'https://projectzip.s3.ap-northeast-2.amazonaws.com/profiles/m_11.png','2022-11-16 09:29:15'),(129,2,'뚜뚜님이 함께하는 일정을 등록했습니다. 확인해보세요!','myapp://zip.com/calendar',1,'https://projectzip.s3.ap-northeast-2.amazonaws.com/profiles/f_11.png','2022-11-16 09:56:45'),(130,1,'뚜뚜님이 일정을 등록했습니다. 확인해보세요!','myapp://zip.com/calendar',1,'https://projectzip.s3.ap-northeast-2.amazonaws.com/profiles/f_11.png','2022-11-16 09:56:45'),(131,3,'뚜뚜님이 일정을 등록했습니다. 확인해보세요!','myapp://zip.com/calendar',1,'https://projectzip.s3.ap-northeast-2.amazonaws.com/profiles/f_11.png','2022-11-16 09:56:45'),(132,4,'뚜뚜님이 일정을 등록했습니다. 확인해보세요!','myapp://zip.com/calendar',1,'https://projectzip.s3.ap-northeast-2.amazonaws.com/profiles/f_11.png','2022-11-16 09:56:45'),(133,8,'뚜뚜님이 일정을 등록했습니다. 확인해보세요!','myapp://zip.com/calendar',0,'https://projectzip.s3.ap-northeast-2.amazonaws.com/profiles/f_11.png','2022-11-16 09:56:45'),(134,1,'뚜뚜님이 오늘의 백문백답을 등록했습니다. 확인해보세요!','myapp://zip.com/qna/2',1,'https://projectzip.s3.ap-northeast-2.amazonaws.com/profiles/f_11.png','2022-11-16 09:58:25'),(135,2,'뚜뚜님이 오늘의 백문백답을 등록했습니다. 확인해보세요!','myapp://zip.com/qna/2',1,'https://projectzip.s3.ap-northeast-2.amazonaws.com/profiles/f_11.png','2022-11-16 09:58:25'),(136,3,'뚜뚜님이 오늘의 백문백답을 등록했습니다. 확인해보세요!','myapp://zip.com/qna/2',1,'https://projectzip.s3.ap-northeast-2.amazonaws.com/profiles/f_11.png','2022-11-16 09:58:25'),(137,4,'뚜뚜님이 오늘의 백문백답을 등록했습니다. 확인해보세요!','myapp://zip.com/qna/2',1,'https://projectzip.s3.ap-northeast-2.amazonaws.com/profiles/f_11.png','2022-11-16 09:58:25'),(138,8,'뚜뚜님이 오늘의 백문백답을 등록했습니다. 확인해보세요!','myapp://zip.com/qna/2',0,'https://projectzip.s3.ap-northeast-2.amazonaws.com/profiles/f_11.png','2022-11-16 09:58:25'),(139,1,'bbonnna님이 오늘의 백문백답을 등록했습니다. 확인해보세요!','myapp://zip.com/qna/2',1,'https://projectzip.s3.ap-northeast-2.amazonaws.com/profiles/m_12.png','2022-11-16 09:59:10'),(140,2,'bbonnna님이 오늘의 백문백답을 등록했습니다. 확인해보세요!','myapp://zip.com/qna/2',1,'https://projectzip.s3.ap-northeast-2.amazonaws.com/profiles/m_12.png','2022-11-16 09:59:10'),(141,3,'bbonnna님이 오늘의 백문백답을 등록했습니다. 확인해보세요!','myapp://zip.com/qna/2',1,'https://projectzip.s3.ap-northeast-2.amazonaws.com/profiles/m_12.png','2022-11-16 09:59:10'),(142,5,'bbonnna님이 오늘의 백문백답을 등록했습니다. 확인해보세요!','myapp://zip.com/qna/2',0,'https://projectzip.s3.ap-northeast-2.amazonaws.com/profiles/m_12.png','2022-11-16 09:59:10'),(143,8,'bbonnna님이 오늘의 백문백답을 등록했습니다. 확인해보세요!','myapp://zip.com/qna/2',1,'https://projectzip.s3.ap-northeast-2.amazonaws.com/profiles/m_12.png','2022-11-16 09:59:10'),(144,5,'bbonnna님이 함께하는 일정을 등록했습니다. 확인해보세요!','myapp://zip.com/calendar',1,'https://projectzip.s3.ap-northeast-2.amazonaws.com/profiles/m_12.png','2022-11-16 10:04:07'),(145,1,'bbonnna님이 일정을 등록했습니다. 확인해보세요!','myapp://zip.com/calendar',1,'https://projectzip.s3.ap-northeast-2.amazonaws.com/profiles/m_12.png','2022-11-16 10:04:07'),(146,2,'bbonnna님이 일정을 등록했습니다. 확인해보세요!','myapp://zip.com/calendar',1,'https://projectzip.s3.ap-northeast-2.amazonaws.com/profiles/m_12.png','2022-11-16 10:04:07'),(147,3,'bbonnna님이 일정을 등록했습니다. 확인해보세요!','myapp://zip.com/calendar',1,'https://projectzip.s3.ap-northeast-2.amazonaws.com/profiles/m_12.png','2022-11-16 10:04:07'),(148,8,'bbonnna님이 일정을 등록했습니다. 확인해보세요!','myapp://zip.com/calendar',0,'https://projectzip.s3.ap-northeast-2.amazonaws.com/profiles/m_12.png','2022-11-16 10:04:07'),(149,5,'bbonnna님이 함께하는 일정을 등록했습니다. 확인해보세요!','myapp://zip.com/calendar',1,'https://projectzip.s3.ap-northeast-2.amazonaws.com/profiles/m_12.png','2022-11-16 10:05:23'),(150,1,'bbonnna님이 일정을 등록했습니다. 확인해보세요!','myapp://zip.com/calendar',1,'https://projectzip.s3.ap-northeast-2.amazonaws.com/profiles/m_12.png','2022-11-16 10:05:23'),(151,2,'bbonnna님이 일정을 등록했습니다. 확인해보세요!','myapp://zip.com/calendar',1,'https://projectzip.s3.ap-northeast-2.amazonaws.com/profiles/m_12.png','2022-11-16 10:05:23'),(152,3,'bbonnna님이 일정을 등록했습니다. 확인해보세요!','myapp://zip.com/calendar',1,'https://projectzip.s3.ap-northeast-2.amazonaws.com/profiles/m_12.png','2022-11-16 10:05:23'),(153,8,'bbonnna님이 일정을 등록했습니다. 확인해보세요!','myapp://zip.com/calendar',0,'https://projectzip.s3.ap-northeast-2.amazonaws.com/profiles/m_12.png','2022-11-16 10:05:23'),(154,1,'순수님이 오늘의 백문백답을 등록했습니다. 확인해보세요!','myapp://zip.com/qna/2',1,'https://projectzip.s3.ap-northeast-2.amazonaws.com/profiles/m_1.png','2022-11-16 10:06:30'),(155,2,'순수님이 오늘의 백문백답을 등록했습니다. 확인해보세요!','myapp://zip.com/qna/2',1,'https://projectzip.s3.ap-northeast-2.amazonaws.com/profiles/m_1.png','2022-11-16 10:06:30'),(156,3,'순수님이 오늘의 백문백답을 등록했습니다. 확인해보세요!','myapp://zip.com/qna/2',1,'https://projectzip.s3.ap-northeast-2.amazonaws.com/profiles/m_1.png','2022-11-16 10:06:30'),(157,4,'순수님이 오늘의 백문백답을 등록했습니다. 확인해보세요!','myapp://zip.com/qna/2',1,'https://projectzip.s3.ap-northeast-2.amazonaws.com/profiles/m_1.png','2022-11-16 10:06:30'),(158,5,'순수님이 오늘의 백문백답을 등록했습니다. 확인해보세요!','myapp://zip.com/qna/2',0,'https://projectzip.s3.ap-northeast-2.amazonaws.com/profiles/m_1.png','2022-11-16 10:06:30'),(159,3,'bbonnna님이 함께하는 일정을 등록했습니다. 확인해보세요!','myapp://zip.com/calendar',1,'https://projectzip.s3.ap-northeast-2.amazonaws.com/profiles/m_12.png','2022-11-16 10:12:16'),(160,1,'bbonnna님이 일정을 등록했습니다. 확인해보세요!','myapp://zip.com/calendar',1,'https://projectzip.s3.ap-northeast-2.amazonaws.com/profiles/m_12.png','2022-11-16 10:12:16'),(161,2,'bbonnna님이 일정을 등록했습니다. 확인해보세요!','myapp://zip.com/calendar',1,'https://projectzip.s3.ap-northeast-2.amazonaws.com/profiles/m_12.png','2022-11-16 10:12:16'),(162,5,'bbonnna님이 일정을 등록했습니다. 확인해보세요!','myapp://zip.com/calendar',0,'https://projectzip.s3.ap-northeast-2.amazonaws.com/profiles/m_12.png','2022-11-16 10:12:16'),(163,8,'bbonnna님이 일정을 등록했습니다. 확인해보세요!','myapp://zip.com/calendar',0,'https://projectzip.s3.ap-northeast-2.amazonaws.com/profiles/m_12.png','2022-11-16 10:12:16'),(164,4,'bbonnna님이 함께하는 일정을 등록했습니다. 확인해보세요!','myapp://zip.com/calendar',1,'https://projectzip.s3.ap-northeast-2.amazonaws.com/profiles/m_12.png','2022-11-16 10:16:32'),(165,1,'bbonnna님이 일정을 등록했습니다. 확인해보세요!','myapp://zip.com/calendar',1,'https://projectzip.s3.ap-northeast-2.amazonaws.com/profiles/m_12.png','2022-11-16 10:16:32'),(166,2,'bbonnna님이 일정을 등록했습니다. 확인해보세요!','myapp://zip.com/calendar',1,'https://projectzip.s3.ap-northeast-2.amazonaws.com/profiles/m_12.png','2022-11-16 10:16:32'),(167,3,'bbonnna님이 일정을 등록했습니다. 확인해보세요!','myapp://zip.com/calendar',1,'https://projectzip.s3.ap-northeast-2.amazonaws.com/profiles/m_12.png','2022-11-16 10:16:32'),(168,5,'bbonnna님이 일정을 등록했습니다. 확인해보세요!','myapp://zip.com/calendar',0,'https://projectzip.s3.ap-northeast-2.amazonaws.com/profiles/m_12.png','2022-11-16 10:16:32'),(169,8,'bbonnna님이 일정을 등록했습니다. 확인해보세요!','myapp://zip.com/calendar',0,'https://projectzip.s3.ap-northeast-2.amazonaws.com/profiles/m_12.png','2022-11-16 10:16:32'),(170,2,'뚜뚜님이 함께하는 일정을 등록했습니다. 확인해보세요!','myapp://zip.com/calendar',1,'https://projectzip.s3.ap-northeast-2.amazonaws.com/profiles/f_11.png','2022-11-16 10:30:54'),(171,1,'뚜뚜님이 일정을 등록했습니다. 확인해보세요!','myapp://zip.com/calendar',1,'https://projectzip.s3.ap-northeast-2.amazonaws.com/profiles/f_11.png','2022-11-16 10:30:54'),(172,3,'뚜뚜님이 일정을 등록했습니다. 확인해보세요!','myapp://zip.com/calendar',1,'https://projectzip.s3.ap-northeast-2.amazonaws.com/profiles/f_11.png','2022-11-16 10:30:54'),(173,4,'뚜뚜님이 일정을 등록했습니다. 확인해보세요!','myapp://zip.com/calendar',1,'https://projectzip.s3.ap-northeast-2.amazonaws.com/profiles/f_11.png','2022-11-16 10:30:54'),(174,8,'뚜뚜님이 일정을 등록했습니다. 확인해보세요!','myapp://zip.com/calendar',0,'https://projectzip.s3.ap-northeast-2.amazonaws.com/profiles/f_11.png','2022-11-16 10:30:54'),(175,1,'밍귤님이 오늘의 백문백답을 등록했습니다. 확인해보세요!','myapp://zip.com/qna/2',1,'https://projectzip.s3.ap-northeast-2.amazonaws.com/profiles/m_11.png','2022-11-16 10:38:07'),(176,3,'밍귤님이 오늘의 백문백답을 등록했습니다. 확인해보세요!','myapp://zip.com/qna/2',1,'https://projectzip.s3.ap-northeast-2.amazonaws.com/profiles/m_11.png','2022-11-16 10:38:07'),(177,4,'밍귤님이 오늘의 백문백답을 등록했습니다. 확인해보세요!','myapp://zip.com/qna/2',1,'https://projectzip.s3.ap-northeast-2.amazonaws.com/profiles/m_11.png','2022-11-16 10:38:07'),(178,5,'밍귤님이 오늘의 백문백답을 등록했습니다. 확인해보세요!','myapp://zip.com/qna/2',0,'https://projectzip.s3.ap-northeast-2.amazonaws.com/profiles/m_11.png','2022-11-16 10:38:07'),(179,8,'밍귤님이 오늘의 백문백답을 등록했습니다. 확인해보세요!','myapp://zip.com/qna/2',0,'https://projectzip.s3.ap-northeast-2.amazonaws.com/profiles/m_11.png','2022-11-16 10:38:07'),(180,4,'밍귤님이 함께하는 일정을 등록했습니다. 확인해보세요!','myapp://zip.com/calendar',1,'https://projectzip.s3.ap-northeast-2.amazonaws.com/profiles/m_11.png','2022-11-16 11:20:43'),(181,5,'밍귤님이 함께하는 일정을 등록했습니다. 확인해보세요!','myapp://zip.com/calendar',0,'https://projectzip.s3.ap-northeast-2.amazonaws.com/profiles/m_11.png','2022-11-16 11:20:43'),(182,8,'밍귤님이 함께하는 일정을 등록했습니다. 확인해보세요!','myapp://zip.com/calendar',0,'https://projectzip.s3.ap-northeast-2.amazonaws.com/profiles/m_11.png','2022-11-16 11:20:43'),(183,1,'밍귤님이 일정을 등록했습니다. 확인해보세요!','myapp://zip.com/calendar',1,'https://projectzip.s3.ap-northeast-2.amazonaws.com/profiles/m_11.png','2022-11-16 11:20:43'),(184,3,'밍귤님이 일정을 등록했습니다. 확인해보세요!','myapp://zip.com/calendar',1,'https://projectzip.s3.ap-northeast-2.amazonaws.com/profiles/m_11.png','2022-11-16 11:20:43'),(185,1,'밍귤님이 함께하는 일정을 등록했습니다. 확인해보세요!','myapp://zip.com/calendar',1,'https://projectzip.s3.ap-northeast-2.amazonaws.com/profiles/m_11.png','2022-11-16 11:25:47'),(186,3,'밍귤님이 함께하는 일정을 등록했습니다. 확인해보세요!','myapp://zip.com/calendar',1,'https://projectzip.s3.ap-northeast-2.amazonaws.com/profiles/m_11.png','2022-11-16 11:25:47'),(187,4,'밍귤님이 함께하는 일정을 등록했습니다. 확인해보세요!','myapp://zip.com/calendar',1,'https://projectzip.s3.ap-northeast-2.amazonaws.com/profiles/m_11.png','2022-11-16 11:25:47'),(188,5,'밍귤님이 함께하는 일정을 등록했습니다. 확인해보세요!','myapp://zip.com/calendar',0,'https://projectzip.s3.ap-northeast-2.amazonaws.com/profiles/m_11.png','2022-11-16 11:25:47'),(189,8,'밍귤님이 함께하는 일정을 등록했습니다. 확인해보세요!','myapp://zip.com/calendar',0,'https://projectzip.s3.ap-northeast-2.amazonaws.com/profiles/m_11.png','2022-11-16 11:25:47'),(190,1,'밍귤님이 일정을 등록했습니다. 확인해보세요!','myapp://zip.com/calendar',1,'https://projectzip.s3.ap-northeast-2.amazonaws.com/profiles/m_11.png','2022-11-16 11:28:36'),(191,3,'밍귤님이 일정을 등록했습니다. 확인해보세요!','myapp://zip.com/calendar',1,'https://projectzip.s3.ap-northeast-2.amazonaws.com/profiles/m_11.png','2022-11-16 11:28:36'),(192,4,'밍귤님이 일정을 등록했습니다. 확인해보세요!','myapp://zip.com/calendar',1,'https://projectzip.s3.ap-northeast-2.amazonaws.com/profiles/m_11.png','2022-11-16 11:28:36'),(193,5,'밍귤님이 일정을 등록했습니다. 확인해보세요!','myapp://zip.com/calendar',0,'https://projectzip.s3.ap-northeast-2.amazonaws.com/profiles/m_11.png','2022-11-16 11:28:36'),(194,8,'밍귤님이 일정을 등록했습니다. 확인해보세요!','myapp://zip.com/calendar',0,'https://projectzip.s3.ap-northeast-2.amazonaws.com/profiles/m_11.png','2022-11-16 11:28:36'),(195,3,'밍귤님이 함께하는 일정을 등록했습니다. 확인해보세요!','myapp://zip.com/calendar',1,'https://projectzip.s3.ap-northeast-2.amazonaws.com/profiles/m_11.png','2022-11-16 11:29:19'),(196,1,'밍귤님이 일정을 등록했습니다. 확인해보세요!','myapp://zip.com/calendar',1,'https://projectzip.s3.ap-northeast-2.amazonaws.com/profiles/m_11.png','2022-11-16 11:29:19'),(197,4,'밍귤님이 일정을 등록했습니다. 확인해보세요!','myapp://zip.com/calendar',1,'https://projectzip.s3.ap-northeast-2.amazonaws.com/profiles/m_11.png','2022-11-16 11:29:19'),(198,5,'밍귤님이 일정을 등록했습니다. 확인해보세요!','myapp://zip.com/calendar',0,'https://projectzip.s3.ap-northeast-2.amazonaws.com/profiles/m_11.png','2022-11-16 11:29:19'),(199,8,'밍귤님이 일정을 등록했습니다. 확인해보세요!','myapp://zip.com/calendar',0,'https://projectzip.s3.ap-northeast-2.amazonaws.com/profiles/m_11.png','2022-11-16 11:29:19'),(200,4,'밍귤님이 함께하는 일정을 등록했습니다. 확인해보세요!','myapp://zip.com/calendar',1,'https://projectzip.s3.ap-northeast-2.amazonaws.com/profiles/m_11.png','2022-11-16 12:32:20'),(201,1,'밍귤님이 일정을 등록했습니다. 확인해보세요!','myapp://zip.com/calendar',1,'https://projectzip.s3.ap-northeast-2.amazonaws.com/profiles/m_11.png','2022-11-16 12:32:20'),(202,3,'밍귤님이 일정을 등록했습니다. 확인해보세요!','myapp://zip.com/calendar',1,'https://projectzip.s3.ap-northeast-2.amazonaws.com/profiles/m_11.png','2022-11-16 12:32:20'),(203,5,'밍귤님이 일정을 등록했습니다. 확인해보세요!','myapp://zip.com/calendar',0,'https://projectzip.s3.ap-northeast-2.amazonaws.com/profiles/m_11.png','2022-11-16 12:32:20'),(204,8,'밍귤님이 일정을 등록했습니다. 확인해보세요!','myapp://zip.com/calendar',0,'https://projectzip.s3.ap-northeast-2.amazonaws.com/profiles/m_11.png','2022-11-16 12:32:20'),(205,1,'bbonnna님이 게시글을 등록했습니다. 확인해보세요!','myapp://zip.com/board/6',1,'https://projectzip.s3.ap-northeast-2.amazonaws.com/profiles/m_12.png','2022-11-16 12:43:57'),(206,2,'bbonnna님이 게시글을 등록했습니다. 확인해보세요!','myapp://zip.com/board/6',1,'https://projectzip.s3.ap-northeast-2.amazonaws.com/profiles/m_12.png','2022-11-16 12:43:57'),(207,3,'bbonnna님이 게시글을 등록했습니다. 확인해보세요!','myapp://zip.com/board/6',1,'https://projectzip.s3.ap-northeast-2.amazonaws.com/profiles/m_12.png','2022-11-16 12:43:57'),(208,5,'bbonnna님이 게시글을 등록했습니다. 확인해보세요!','myapp://zip.com/board/6',0,'https://projectzip.s3.ap-northeast-2.amazonaws.com/profiles/m_12.png','2022-11-16 12:43:57'),(209,8,'bbonnna님이 게시글을 등록했습니다. 확인해보세요!','myapp://zip.com/board/6',0,'https://projectzip.s3.ap-northeast-2.amazonaws.com/profiles/m_12.png','2022-11-16 12:43:57'),(210,1,'밍귤님이 일정을 등록했습니다. 확인해보세요!','myapp://zip.com/calendar',1,'https://projectzip.s3.ap-northeast-2.amazonaws.com/profiles/m_11.png','2022-11-16 13:10:19'),(211,3,'밍귤님이 일정을 등록했습니다. 확인해보세요!','myapp://zip.com/calendar',1,'https://projectzip.s3.ap-northeast-2.amazonaws.com/profiles/m_11.png','2022-11-16 13:10:19'),(212,4,'밍귤님이 일정을 등록했습니다. 확인해보세요!','myapp://zip.com/calendar',1,'https://projectzip.s3.ap-northeast-2.amazonaws.com/profiles/m_11.png','2022-11-16 13:10:19'),(213,5,'밍귤님이 일정을 등록했습니다. 확인해보세요!','myapp://zip.com/calendar',0,'https://projectzip.s3.ap-northeast-2.amazonaws.com/profiles/m_11.png','2022-11-16 13:10:19'),(214,8,'밍귤님이 일정을 등록했습니다. 확인해보세요!','myapp://zip.com/calendar',0,'https://projectzip.s3.ap-northeast-2.amazonaws.com/profiles/m_11.png','2022-11-16 13:10:19'),(215,1,'밍귤님이 일정을 등록했습니다. 확인해보세요!','myapp://zip.com/calendar',1,'https://projectzip.s3.ap-northeast-2.amazonaws.com/profiles/m_11.png','2022-11-16 13:10:44'),(216,3,'밍귤님이 일정을 등록했습니다. 확인해보세요!','myapp://zip.com/calendar',1,'https://projectzip.s3.ap-northeast-2.amazonaws.com/profiles/m_11.png','2022-11-16 13:10:44'),(217,4,'밍귤님이 일정을 등록했습니다. 확인해보세요!','myapp://zip.com/calendar',1,'https://projectzip.s3.ap-northeast-2.amazonaws.com/profiles/m_11.png','2022-11-16 13:10:44'),(218,5,'밍귤님이 일정을 등록했습니다. 확인해보세요!','myapp://zip.com/calendar',0,'https://projectzip.s3.ap-northeast-2.amazonaws.com/profiles/m_11.png','2022-11-16 13:10:44'),(219,8,'밍귤님이 일정을 등록했습니다. 확인해보세요!','myapp://zip.com/calendar',0,'https://projectzip.s3.ap-northeast-2.amazonaws.com/profiles/m_11.png','2022-11-16 13:10:44'),(220,3,'밍귤님이 함께하는 일정을 등록했습니다. 확인해보세요!','myapp://zip.com/calendar',1,'https://projectzip.s3.ap-northeast-2.amazonaws.com/profiles/m_11.png','2022-11-16 17:45:52'),(221,1,'밍귤님이 일정을 등록했습니다. 확인해보세요!','myapp://zip.com/calendar',1,'https://projectzip.s3.ap-northeast-2.amazonaws.com/profiles/m_11.png','2022-11-16 17:45:52'),(222,4,'밍귤님이 일정을 등록했습니다. 확인해보세요!','myapp://zip.com/calendar',0,'https://projectzip.s3.ap-northeast-2.amazonaws.com/profiles/m_11.png','2022-11-16 17:45:52'),(223,5,'밍귤님이 일정을 등록했습니다. 확인해보세요!','myapp://zip.com/calendar',0,'https://projectzip.s3.ap-northeast-2.amazonaws.com/profiles/m_11.png','2022-11-16 17:45:52'),(224,8,'밍귤님이 일정을 등록했습니다. 확인해보세요!','myapp://zip.com/calendar',0,'https://projectzip.s3.ap-northeast-2.amazonaws.com/profiles/m_11.png','2022-11-16 17:45:52'),(225,1,'이도엽님이 사진을 올렸습니다. 확인해보세요!','myapp://zip.com/board',1,'https://projectzip.s3.ap-northeast-2.amazonaws.com/profiles/m_9.png','2022-11-16 21:21:35'),(226,2,'이도엽님이 사진을 올렸습니다. 확인해보세요!','myapp://zip.com/board',1,'https://projectzip.s3.ap-northeast-2.amazonaws.com/profiles/m_9.png','2022-11-16 21:21:35'),(227,4,'이도엽님이 사진을 올렸습니다. 확인해보세요!','myapp://zip.com/board',0,'https://projectzip.s3.ap-northeast-2.amazonaws.com/profiles/m_9.png','2022-11-16 21:21:35'),(228,5,'이도엽님이 사진을 올렸습니다. 확인해보세요!','myapp://zip.com/board',0,'https://projectzip.s3.ap-northeast-2.amazonaws.com/profiles/m_9.png','2022-11-16 21:21:35'),(229,8,'이도엽님이 사진을 올렸습니다. 확인해보세요!','myapp://zip.com/board',0,'https://projectzip.s3.ap-northeast-2.amazonaws.com/profiles/m_9.png','2022-11-16 21:21:35'),(230,1,'이도엽님이 사진을 올렸습니다. 확인해보세요!','myapp://zip.com/board',1,'https://projectzip.s3.ap-northeast-2.amazonaws.com/profiles/m_9.png','2022-11-16 21:21:59'),(231,2,'이도엽님이 사진을 올렸습니다. 확인해보세요!','myapp://zip.com/board',1,'https://projectzip.s3.ap-northeast-2.amazonaws.com/profiles/m_9.png','2022-11-16 21:21:59'),(232,4,'이도엽님이 사진을 올렸습니다. 확인해보세요!','myapp://zip.com/board',0,'https://projectzip.s3.ap-northeast-2.amazonaws.com/profiles/m_9.png','2022-11-16 21:21:59'),(233,5,'이도엽님이 사진을 올렸습니다. 확인해보세요!','myapp://zip.com/board',0,'https://projectzip.s3.ap-northeast-2.amazonaws.com/profiles/m_9.png','2022-11-16 21:21:59'),(234,8,'이도엽님이 사진을 올렸습니다. 확인해보세요!','myapp://zip.com/board',0,'https://projectzip.s3.ap-northeast-2.amazonaws.com/profiles/m_9.png','2022-11-16 21:21:59'),(235,1,'순수님이 사진을 올렸습니다. 확인해보세요!','myapp://zip.com/board',1,'https://projectzip.s3.ap-northeast-2.amazonaws.com/profiles/m_1.png','2022-11-16 21:22:45'),(236,2,'순수님이 사진을 올렸습니다. 확인해보세요!','myapp://zip.com/board',1,'https://projectzip.s3.ap-northeast-2.amazonaws.com/profiles/m_1.png','2022-11-16 21:22:45'),(237,3,'순수님이 사진을 올렸습니다. 확인해보세요!','myapp://zip.com/board',1,'https://projectzip.s3.ap-northeast-2.amazonaws.com/profiles/m_1.png','2022-11-16 21:22:45'),(238,4,'순수님이 사진을 올렸습니다. 확인해보세요!','myapp://zip.com/board',0,'https://projectzip.s3.ap-northeast-2.amazonaws.com/profiles/m_1.png','2022-11-16 21:22:45'),(239,5,'순수님이 사진을 올렸습니다. 확인해보세요!','myapp://zip.com/board',0,'https://projectzip.s3.ap-northeast-2.amazonaws.com/profiles/m_1.png','2022-11-16 21:22:45'),(240,1,'순수님이 사진을 올렸습니다. 확인해보세요!','myapp://zip.com/board',1,'https://projectzip.s3.ap-northeast-2.amazonaws.com/profiles/m_1.png','2022-11-16 21:22:45'),(241,2,'순수님이 사진을 올렸습니다. 확인해보세요!','myapp://zip.com/board',1,'https://projectzip.s3.ap-northeast-2.amazonaws.com/profiles/m_1.png','2022-11-16 21:22:45'),(242,3,'순수님이 사진을 올렸습니다. 확인해보세요!','myapp://zip.com/board',1,'https://projectzip.s3.ap-northeast-2.amazonaws.com/profiles/m_1.png','2022-11-16 21:22:45'),(243,4,'순수님이 사진을 올렸습니다. 확인해보세요!','myapp://zip.com/board',0,'https://projectzip.s3.ap-northeast-2.amazonaws.com/profiles/m_1.png','2022-11-16 21:22:45'),(244,5,'순수님이 사진을 올렸습니다. 확인해보세요!','myapp://zip.com/board',0,'https://projectzip.s3.ap-northeast-2.amazonaws.com/profiles/m_1.png','2022-11-16 21:22:45'),(245,1,'순수님이 사진을 올렸습니다. 확인해보세요!','myapp://zip.com/board',1,'https://projectzip.s3.ap-northeast-2.amazonaws.com/profiles/m_1.png','2022-11-16 21:23:30'),(246,2,'순수님이 사진을 올렸습니다. 확인해보세요!','myapp://zip.com/board',1,'https://projectzip.s3.ap-northeast-2.amazonaws.com/profiles/m_1.png','2022-11-16 21:23:30'),(247,3,'순수님이 사진을 올렸습니다. 확인해보세요!','myapp://zip.com/board',1,'https://projectzip.s3.ap-northeast-2.amazonaws.com/profiles/m_1.png','2022-11-16 21:23:30'),(248,4,'순수님이 사진을 올렸습니다. 확인해보세요!','myapp://zip.com/board',0,'https://projectzip.s3.ap-northeast-2.amazonaws.com/profiles/m_1.png','2022-11-16 21:23:30'),(249,5,'순수님이 사진을 올렸습니다. 확인해보세요!','myapp://zip.com/board',0,'https://projectzip.s3.ap-northeast-2.amazonaws.com/profiles/m_1.png','2022-11-16 21:23:30'),(250,2,'sy님이 사진을 올렸습니다. 확인해보세요!','myapp://zip.com/board',1,'https://projectzip.s3.ap-northeast-2.amazonaws.com/profiles/f_12.png','2022-11-16 21:26:40'),(251,3,'sy님이 사진을 올렸습니다. 확인해보세요!','myapp://zip.com/board',1,'https://projectzip.s3.ap-northeast-2.amazonaws.com/profiles/f_12.png','2022-11-16 21:26:40'),(252,4,'sy님이 사진을 올렸습니다. 확인해보세요!','myapp://zip.com/board',0,'https://projectzip.s3.ap-northeast-2.amazonaws.com/profiles/f_12.png','2022-11-16 21:26:40'),(253,5,'sy님이 사진을 올렸습니다. 확인해보세요!','myapp://zip.com/board',0,'https://projectzip.s3.ap-northeast-2.amazonaws.com/profiles/f_12.png','2022-11-16 21:26:40'),(254,8,'sy님이 사진을 올렸습니다. 확인해보세요!','myapp://zip.com/board',0,'https://projectzip.s3.ap-northeast-2.amazonaws.com/profiles/f_12.png','2022-11-16 21:26:40'),(255,1,'순수님이 사진을 올렸습니다. 확인해보세요!','myapp://zip.com/board',1,'https://projectzip.s3.ap-northeast-2.amazonaws.com/profiles/m_1.png','2022-11-16 23:24:08'),(256,2,'순수님이 사진을 올렸습니다. 확인해보세요!','myapp://zip.com/board',1,'https://projectzip.s3.ap-northeast-2.amazonaws.com/profiles/m_1.png','2022-11-16 23:24:08'),(257,3,'순수님이 사진을 올렸습니다. 확인해보세요!','myapp://zip.com/board',1,'https://projectzip.s3.ap-northeast-2.amazonaws.com/profiles/m_1.png','2022-11-16 23:24:08'),(258,4,'순수님이 사진을 올렸습니다. 확인해보세요!','myapp://zip.com/board',0,'https://projectzip.s3.ap-northeast-2.amazonaws.com/profiles/m_1.png','2022-11-16 23:24:08'),(259,5,'순수님이 사진을 올렸습니다. 확인해보세요!','myapp://zip.com/board',0,'https://projectzip.s3.ap-northeast-2.amazonaws.com/profiles/m_1.png','2022-11-16 23:24:08'),(260,2,'sy님이 오늘의 백문백답을 등록했습니다. 확인해보세요!','myapp://zip.com/qna/1',1,'https://projectzip.s3.ap-northeast-2.amazonaws.com/profiles/f_12.png','2022-11-17 00:28:41'),(261,3,'sy님이 오늘의 백문백답을 등록했습니다. 확인해보세요!','myapp://zip.com/qna/1',1,'https://projectzip.s3.ap-northeast-2.amazonaws.com/profiles/f_12.png','2022-11-17 00:28:41'),(262,4,'sy님이 오늘의 백문백답을 등록했습니다. 확인해보세요!','myapp://zip.com/qna/1',0,'https://projectzip.s3.ap-northeast-2.amazonaws.com/profiles/f_12.png','2022-11-17 00:28:41'),(263,5,'sy님이 오늘의 백문백답을 등록했습니다. 확인해보세요!','myapp://zip.com/qna/1',0,'https://projectzip.s3.ap-northeast-2.amazonaws.com/profiles/f_12.png','2022-11-17 00:28:41'),(264,8,'sy님이 오늘의 백문백답을 등록했습니다. 확인해보세요!','myapp://zip.com/qna/1',0,'https://projectzip.s3.ap-northeast-2.amazonaws.com/profiles/f_12.png','2022-11-17 00:28:41'),(265,1,'밍귤님이 게시글을 등록했습니다. 확인해보세요!','myapp://zip.com/board/7',1,'https://projectzip.s3.ap-northeast-2.amazonaws.com/profiles/m_11.png','2022-11-17 00:32:03'),(266,3,'밍귤님이 게시글을 등록했습니다. 확인해보세요!','myapp://zip.com/board/7',1,'https://projectzip.s3.ap-northeast-2.amazonaws.com/profiles/m_11.png','2022-11-17 00:32:03'),(267,4,'밍귤님이 게시글을 등록했습니다. 확인해보세요!','myapp://zip.com/board/7',0,'https://projectzip.s3.ap-northeast-2.amazonaws.com/profiles/m_11.png','2022-11-17 00:32:03'),(268,5,'밍귤님이 게시글을 등록했습니다. 확인해보세요!','myapp://zip.com/board/7',0,'https://projectzip.s3.ap-northeast-2.amazonaws.com/profiles/m_11.png','2022-11-17 00:32:03'),(269,8,'밍귤님이 게시글을 등록했습니다. 확인해보세요!','myapp://zip.com/board/7',0,'https://projectzip.s3.ap-northeast-2.amazonaws.com/profiles/m_11.png','2022-11-17 00:32:03'),(271,1,'이도엽님이 오늘의 백문백답을 등록했습니다. 확인해보세요!','myapp://zip.com/qna/3',1,'https://projectzip.s3.ap-northeast-2.amazonaws.com/profiles/m_9.png','2022-11-17 00:37:47'),(272,2,'이도엽님이 오늘의 백문백답을 등록했습니다. 확인해보세요!','myapp://zip.com/qna/3',1,'https://projectzip.s3.ap-northeast-2.amazonaws.com/profiles/m_9.png','2022-11-17 00:37:47'),(273,4,'이도엽님이 오늘의 백문백답을 등록했습니다. 확인해보세요!','myapp://zip.com/qna/3',0,'https://projectzip.s3.ap-northeast-2.amazonaws.com/profiles/m_9.png','2022-11-17 00:37:47'),(274,5,'이도엽님이 오늘의 백문백답을 등록했습니다. 확인해보세요!','myapp://zip.com/qna/3',0,'https://projectzip.s3.ap-northeast-2.amazonaws.com/profiles/m_9.png','2022-11-17 00:37:47'),(275,8,'이도엽님이 오늘의 백문백답을 등록했습니다. 확인해보세요!','myapp://zip.com/qna/3',0,'https://projectzip.s3.ap-northeast-2.amazonaws.com/profiles/m_9.png','2022-11-17 00:37:47'),(276,1,'밍귤님이 오늘의 백문백답을 등록했습니다. 확인해보세요!','myapp://zip.com/qna/3',1,'https://projectzip.s3.ap-northeast-2.amazonaws.com/profiles/m_11.png','2022-11-17 00:39:39'),(277,3,'밍귤님이 오늘의 백문백답을 등록했습니다. 확인해보세요!','myapp://zip.com/qna/3',1,'https://projectzip.s3.ap-northeast-2.amazonaws.com/profiles/m_11.png','2022-11-17 00:39:39'),(278,4,'밍귤님이 오늘의 백문백답을 등록했습니다. 확인해보세요!','myapp://zip.com/qna/3',0,'https://projectzip.s3.ap-northeast-2.amazonaws.com/profiles/m_11.png','2022-11-17 00:39:39'),(279,5,'밍귤님이 오늘의 백문백답을 등록했습니다. 확인해보세요!','myapp://zip.com/qna/3',0,'https://projectzip.s3.ap-northeast-2.amazonaws.com/profiles/m_11.png','2022-11-17 00:39:39'),(280,8,'밍귤님이 오늘의 백문백답을 등록했습니다. 확인해보세요!','myapp://zip.com/qna/3',0,'https://projectzip.s3.ap-northeast-2.amazonaws.com/profiles/m_11.png','2022-11-17 00:39:39'),(281,1,'순수님이 사진을 올렸습니다. 확인해보세요!','myapp://zip.com/board',1,'https://projectzip.s3.ap-northeast-2.amazonaws.com/profiles/m_3.png','2022-11-17 02:06:42'),(282,2,'순수님이 사진을 올렸습니다. 확인해보세요!','myapp://zip.com/board',1,'https://projectzip.s3.ap-northeast-2.amazonaws.com/profiles/m_3.png','2022-11-17 02:06:42'),(283,3,'순수님이 사진을 올렸습니다. 확인해보세요!','myapp://zip.com/board',1,'https://projectzip.s3.ap-northeast-2.amazonaws.com/profiles/m_3.png','2022-11-17 02:06:42'),(284,4,'순수님이 사진을 올렸습니다. 확인해보세요!','myapp://zip.com/board',0,'https://projectzip.s3.ap-northeast-2.amazonaws.com/profiles/m_3.png','2022-11-17 02:06:42'),(285,5,'순수님이 사진을 올렸습니다. 확인해보세요!','myapp://zip.com/board',0,'https://projectzip.s3.ap-northeast-2.amazonaws.com/profiles/m_3.png','2022-11-17 02:06:42'),(286,1,'순수님이 사진을 올렸습니다. 확인해보세요!','myapp://zip.com/board',1,'https://projectzip.s3.ap-northeast-2.amazonaws.com/profiles/m_3.png','2022-11-17 02:10:21'),(287,2,'순수님이 사진을 올렸습니다. 확인해보세요!','myapp://zip.com/board',1,'https://projectzip.s3.ap-northeast-2.amazonaws.com/profiles/m_3.png','2022-11-17 02:10:21'),(288,3,'순수님이 사진을 올렸습니다. 확인해보세요!','myapp://zip.com/board',1,'https://projectzip.s3.ap-northeast-2.amazonaws.com/profiles/m_3.png','2022-11-17 02:10:21'),(289,4,'순수님이 사진을 올렸습니다. 확인해보세요!','myapp://zip.com/board',0,'https://projectzip.s3.ap-northeast-2.amazonaws.com/profiles/m_3.png','2022-11-17 02:10:21'),(290,5,'순수님이 사진을 올렸습니다. 확인해보세요!','myapp://zip.com/board',0,'https://projectzip.s3.ap-northeast-2.amazonaws.com/profiles/m_3.png','2022-11-17 02:10:21'),(292,2,'sylee님이 오늘의 백문백답을 등록했습니다. 확인해보세요!','myapp://zip.com/qna/3',1,'https://projectzip.s3.ap-northeast-2.amazonaws.com/profiles/f_12.png','2022-11-17 02:56:07'),(293,3,'sylee님이 오늘의 백문백답을 등록했습니다. 확인해보세요!','myapp://zip.com/qna/3',1,'https://projectzip.s3.ap-northeast-2.amazonaws.com/profiles/f_12.png','2022-11-17 02:56:07'),(294,4,'sylee님이 오늘의 백문백답을 등록했습니다. 확인해보세요!','myapp://zip.com/qna/3',0,'https://projectzip.s3.ap-northeast-2.amazonaws.com/profiles/f_12.png','2022-11-17 02:56:07'),(295,5,'sylee님이 오늘의 백문백답을 등록했습니다. 확인해보세요!','myapp://zip.com/qna/3',0,'https://projectzip.s3.ap-northeast-2.amazonaws.com/profiles/f_12.png','2022-11-17 02:56:07'),(296,8,'sylee님이 오늘의 백문백답을 등록했습니다. 확인해보세요!','myapp://zip.com/qna/3',0,'https://projectzip.s3.ap-northeast-2.amazonaws.com/profiles/f_12.png','2022-11-17 02:56:07'),(297,1,'뚜뚜님이 오늘의 백문백답을 등록했습니다. 확인해보세요!','myapp://zip.com/qna/3',0,'https://projectzip.s3.ap-northeast-2.amazonaws.com/profiles/m_4.png','2022-11-17 09:45:39'),(298,2,'뚜뚜님이 오늘의 백문백답을 등록했습니다. 확인해보세요!','myapp://zip.com/qna/3',1,'https://projectzip.s3.ap-northeast-2.amazonaws.com/profiles/m_4.png','2022-11-17 09:45:39'),(299,3,'뚜뚜님이 오늘의 백문백답을 등록했습니다. 확인해보세요!','myapp://zip.com/qna/3',1,'https://projectzip.s3.ap-northeast-2.amazonaws.com/profiles/m_4.png','2022-11-17 09:45:39'),(300,4,'뚜뚜님이 오늘의 백문백답을 등록했습니다. 확인해보세요!','myapp://zip.com/qna/3',0,'https://projectzip.s3.ap-northeast-2.amazonaws.com/profiles/m_4.png','2022-11-17 09:45:39'),(301,8,'뚜뚜님이 오늘의 백문백답을 등록했습니다. 확인해보세요!','myapp://zip.com/qna/3',0,'https://projectzip.s3.ap-northeast-2.amazonaws.com/profiles/m_4.png','2022-11-17 09:45:39'),(302,1,'이도엽님이 사진을 올렸습니다. 확인해보세요!','myapp://zip.com/board',1,'https://projectzip.s3.ap-northeast-2.amazonaws.com/profiles/m_9.png','2022-11-17 10:26:44'),(303,2,'이도엽님이 사진을 올렸습니다. 확인해보세요!','myapp://zip.com/board',1,'https://projectzip.s3.ap-northeast-2.amazonaws.com/profiles/m_9.png','2022-11-17 10:26:44'),(304,4,'이도엽님이 사진을 올렸습니다. 확인해보세요!','myapp://zip.com/board',0,'https://projectzip.s3.ap-northeast-2.amazonaws.com/profiles/m_9.png','2022-11-17 10:26:44'),(305,5,'이도엽님이 사진을 올렸습니다. 확인해보세요!','myapp://zip.com/board',0,'https://projectzip.s3.ap-northeast-2.amazonaws.com/profiles/m_9.png','2022-11-17 10:26:44'),(306,8,'이도엽님이 사진을 올렸습니다. 확인해보세요!','myapp://zip.com/board',0,'https://projectzip.s3.ap-northeast-2.amazonaws.com/profiles/m_9.png','2022-11-17 10:26:44'),(307,1,'이도엽님이 사진을 올렸습니다. 확인해보세요!','myapp://zip.com/board',0,'https://projectzip.s3.ap-northeast-2.amazonaws.com/profiles/m_9.png','2022-11-17 10:26:54'),(308,2,'이도엽님이 사진을 올렸습니다. 확인해보세요!','myapp://zip.com/board',1,'https://projectzip.s3.ap-northeast-2.amazonaws.com/profiles/m_9.png','2022-11-17 10:26:54'),(309,4,'이도엽님이 사진을 올렸습니다. 확인해보세요!','myapp://zip.com/board',0,'https://projectzip.s3.ap-northeast-2.amazonaws.com/profiles/m_9.png','2022-11-17 10:26:54'),(310,5,'이도엽님이 사진을 올렸습니다. 확인해보세요!','myapp://zip.com/board',0,'https://projectzip.s3.ap-northeast-2.amazonaws.com/profiles/m_9.png','2022-11-17 10:26:54'),(311,8,'이도엽님이 사진을 올렸습니다. 확인해보세요!','myapp://zip.com/board',0,'https://projectzip.s3.ap-northeast-2.amazonaws.com/profiles/m_9.png','2022-11-17 10:26:54'),(312,1,'이도엽님이 사진을 올렸습니다. 확인해보세요!','myapp://zip.com/board',1,'https://projectzip.s3.ap-northeast-2.amazonaws.com/profiles/m_9.png','2022-11-17 10:27:28'),(313,2,'이도엽님이 사진을 올렸습니다. 확인해보세요!','myapp://zip.com/board',1,'https://projectzip.s3.ap-northeast-2.amazonaws.com/profiles/m_9.png','2022-11-17 10:27:28'),(314,4,'이도엽님이 사진을 올렸습니다. 확인해보세요!','myapp://zip.com/board',0,'https://projectzip.s3.ap-northeast-2.amazonaws.com/profiles/m_9.png','2022-11-17 10:27:28'),(315,5,'이도엽님이 사진을 올렸습니다. 확인해보세요!','myapp://zip.com/board',0,'https://projectzip.s3.ap-northeast-2.amazonaws.com/profiles/m_9.png','2022-11-17 10:27:28'),(316,8,'이도엽님이 사진을 올렸습니다. 확인해보세요!','myapp://zip.com/board',0,'https://projectzip.s3.ap-northeast-2.amazonaws.com/profiles/m_9.png','2022-11-17 10:27:28'),(317,1,'bbonnna님에게 오늘의 편지가 도착했습니다. 확인해보세요!','myapp://zip.com/letter/9',1,'https://projectzip.s3.ap-northeast-2.amazonaws.com/profiles/m_12.png','2022-11-17 12:40:34'),(318,1,'순수님이 사진을 올렸습니다. 확인해보세요!','myapp://zip.com/board',0,'https://projectzip.s3.ap-northeast-2.amazonaws.com/profiles/m_3.png','2022-11-17 13:15:01'),(319,2,'순수님이 사진을 올렸습니다. 확인해보세요!','myapp://zip.com/board',0,'https://projectzip.s3.ap-northeast-2.amazonaws.com/profiles/m_3.png','2022-11-17 13:15:01'),(320,3,'순수님이 사진을 올렸습니다. 확인해보세요!','myapp://zip.com/board',0,'https://projectzip.s3.ap-northeast-2.amazonaws.com/profiles/m_3.png','2022-11-17 13:15:01'),(321,4,'순수님이 사진을 올렸습니다. 확인해보세요!','myapp://zip.com/board',0,'https://projectzip.s3.ap-northeast-2.amazonaws.com/profiles/m_3.png','2022-11-17 13:15:01'),(322,5,'순수님이 사진을 올렸습니다. 확인해보세요!','myapp://zip.com/board',0,'https://projectzip.s3.ap-northeast-2.amazonaws.com/profiles/m_3.png','2022-11-17 13:15:01'),(323,1,'뚜뚜님이 게시글을 등록했습니다. 확인해보세요!','myapp://zip.com/board/8',0,'https://projectzip.s3.ap-northeast-2.amazonaws.com/profiles/m_4.png','2022-11-17 13:22:01'),(324,2,'뚜뚜님이 게시글을 등록했습니다. 확인해보세요!','myapp://zip.com/board/8',1,'https://projectzip.s3.ap-northeast-2.amazonaws.com/profiles/m_4.png','2022-11-17 13:22:01'),(325,3,'뚜뚜님이 게시글을 등록했습니다. 확인해보세요!','myapp://zip.com/board/8',0,'https://projectzip.s3.ap-northeast-2.amazonaws.com/profiles/m_4.png','2022-11-17 13:22:01'),(326,4,'뚜뚜님이 게시글을 등록했습니다. 확인해보세요!','myapp://zip.com/board/8',0,'https://projectzip.s3.ap-northeast-2.amazonaws.com/profiles/m_4.png','2022-11-17 13:22:01'),(327,8,'뚜뚜님이 게시글을 등록했습니다. 확인해보세요!','myapp://zip.com/board/8',0,'https://projectzip.s3.ap-northeast-2.amazonaws.com/profiles/m_4.png','2022-11-17 13:22:01'),(328,7,'딸님이 가족이 되었습니다. 확인해보세요!','myapp://zip.com/home',0,'https://projectzip.s3.ap-northeast-2.amazonaws.com/profiles/f_12.png','2022-11-17 13:35:37'),(329,9,'딸님이 가족이 되었습니다. 확인해보세요!','myapp://zip.com/home',0,'https://projectzip.s3.ap-northeast-2.amazonaws.com/profiles/f_12.png','2022-11-17 13:35:37'),(330,10,'딸님이 가족이 되었습니다. 확인해보세요!','myapp://zip.com/home',0,'https://projectzip.s3.ap-northeast-2.amazonaws.com/profiles/f_12.png','2022-11-17 13:35:37'),(331,13,'딸님이 가족이 되었습니다. 확인해보세요!','myapp://zip.com/home',1,'https://projectzip.s3.ap-northeast-2.amazonaws.com/profiles/f_12.png','2022-11-17 13:35:37'),(332,7,'아들님이 가족이 되었습니다. 확인해보세요!','myapp://zip.com/home',0,'https://projectzip.s3.ap-northeast-2.amazonaws.com/profiles/f_12.png','2022-11-17 13:36:13'),(333,9,'아들님이 가족이 되었습니다. 확인해보세요!','myapp://zip.com/home',0,'https://projectzip.s3.ap-northeast-2.amazonaws.com/profiles/f_12.png','2022-11-17 13:36:13'),(334,13,'아들님이 가족이 되었습니다. 확인해보세요!','myapp://zip.com/home',1,'https://projectzip.s3.ap-northeast-2.amazonaws.com/profiles/f_12.png','2022-11-17 13:36:13'),(335,7,'엄마님이 가족이 되었습니다. 확인해보세요!','myapp://zip.com/home',0,'https://projectzip.s3.ap-northeast-2.amazonaws.com/profiles/f_12.png','2022-11-17 13:37:12'),(336,9,'엄마님이 가족이 되었습니다. 확인해보세요!','myapp://zip.com/home',0,'https://projectzip.s3.ap-northeast-2.amazonaws.com/profiles/f_12.png','2022-11-17 13:37:12'),(337,10,'아빠님이 오늘의 백문백답을 등록했습니다. 확인해보세요!','myapp://zip.com/qna/1',0,'https://projectzip.s3.ap-northeast-2.amazonaws.com/profiles/m_12.png','2022-11-17 13:40:20'),(338,11,'아빠님이 오늘의 백문백답을 등록했습니다. 확인해보세요!','myapp://zip.com/qna/1',1,'https://projectzip.s3.ap-northeast-2.amazonaws.com/profiles/m_12.png','2022-11-17 13:40:20'),(339,13,'아빠님이 오늘의 백문백답을 등록했습니다. 확인해보세요!','myapp://zip.com/qna/1',1,'https://projectzip.s3.ap-northeast-2.amazonaws.com/profiles/m_12.png','2022-11-17 13:40:20'),(340,10,'엄마님이 오늘의 백문백답을 등록했습니다. 확인해보세요!','myapp://zip.com/qna/1',0,'https://projectzip.s3.ap-northeast-2.amazonaws.com/profiles/f_2.png','2022-11-17 13:41:06'),(341,11,'엄마님이 오늘의 백문백답을 등록했습니다. 확인해보세요!','myapp://zip.com/qna/1',1,'https://projectzip.s3.ap-northeast-2.amazonaws.com/profiles/f_2.png','2022-11-17 13:41:06'),(342,12,'엄마님이 오늘의 백문백답을 등록했습니다. 확인해보세요!','myapp://zip.com/qna/1',0,'https://projectzip.s3.ap-northeast-2.amazonaws.com/profiles/f_2.png','2022-11-17 13:41:06'),(343,11,'아빠님에게 오늘의 편지가 도착했습니다. 확인해보세요!','myapp://zip.com/letter/10',1,'https://projectzip.s3.ap-northeast-2.amazonaws.com/profiles/m_12.png','2022-11-17 13:42:16'),(344,10,'딸님이 오늘의 백문백답을 등록했습니다. 확인해보세요!','myapp://zip.com/qna/1',0,'https://projectzip.s3.ap-northeast-2.amazonaws.com/profiles/f_12.png','2022-11-17 13:50:29'),(345,12,'딸님이 오늘의 백문백답을 등록했습니다. 확인해보세요!','myapp://zip.com/qna/1',0,'https://projectzip.s3.ap-northeast-2.amazonaws.com/profiles/f_12.png','2022-11-17 13:50:29'),(346,13,'딸님이 오늘의 백문백답을 등록했습니다. 확인해보세요!','myapp://zip.com/qna/1',1,'https://projectzip.s3.ap-northeast-2.amazonaws.com/profiles/f_12.png','2022-11-17 13:50:29'),(347,11,'아들님이 오늘의 백문백답을 등록했습니다. 확인해보세요!','myapp://zip.com/qna/1',1,'https://projectzip.s3.ap-northeast-2.amazonaws.com/profiles/m_3.png','2022-11-17 13:50:57'),(348,12,'아들님이 오늘의 백문백답을 등록했습니다. 확인해보세요!','myapp://zip.com/qna/1',0,'https://projectzip.s3.ap-northeast-2.amazonaws.com/profiles/m_3.png','2022-11-17 13:50:57'),(349,13,'아들님이 오늘의 백문백답을 등록했습니다. 확인해보세요!','myapp://zip.com/qna/1',1,'https://projectzip.s3.ap-northeast-2.amazonaws.com/profiles/m_3.png','2022-11-17 13:50:57'),(350,10,'가족과 함께하는 ‘오늘의 백문백답’ 미션을 성공했습니다!','myapp://zip.com/home',0,'https://projectzip.s3.ap-northeast-2.amazonaws.com/profiles/m_3.png','2022-11-17 13:50:57'),(351,11,'가족과 함께하는 ‘오늘의 백문백답’ 미션을 성공했습니다!','myapp://zip.com/home',1,'https://projectzip.s3.ap-northeast-2.amazonaws.com/profiles/m_3.png','2022-11-17 13:50:57'),(352,12,'가족과 함께하는 ‘오늘의 백문백답’ 미션을 성공했습니다!','myapp://zip.com/home',0,'https://projectzip.s3.ap-northeast-2.amazonaws.com/profiles/m_3.png','2022-11-17 13:50:57'),(353,13,'가족과 함께하는 ‘오늘의 백문백답’ 미션을 성공했습니다!','myapp://zip.com/home',1,'https://projectzip.s3.ap-northeast-2.amazonaws.com/profiles/m_3.png','2022-11-17 13:50:57'),(354,10,'엄마님에게 오늘의 편지가 도착했습니다. 확인해보세요!','myapp://zip.com/letter/11',0,'https://projectzip.s3.ap-northeast-2.amazonaws.com/profiles/f_2.png','2022-11-17 13:51:09'),(355,12,'딸님에게 오늘의 편지가 도착했습니다. 확인해보세요!','myapp://zip.com/letter/12',0,'https://projectzip.s3.ap-northeast-2.amazonaws.com/profiles/f_12.png','2022-11-17 13:51:14'),(356,11,'아들님에게 오늘의 편지가 도착했습니다. 확인해보세요!','myapp://zip.com/letter/13',1,'https://projectzip.s3.ap-northeast-2.amazonaws.com/profiles/m_3.png','2022-11-17 13:52:11'),(357,10,'가족과 함께하는 ‘오늘의 편지’ 미션을 성공했습니다!','myapp://zip.com/home',0,'https://projectzip.s3.ap-northeast-2.amazonaws.com/profiles/m_3.png','2022-11-17 13:52:11'),(358,11,'가족과 함께하는 ‘오늘의 편지’ 미션을 성공했습니다!','myapp://zip.com/home',1,'https://projectzip.s3.ap-northeast-2.amazonaws.com/profiles/m_3.png','2022-11-17 13:52:11'),(359,12,'가족과 함께하는 ‘오늘의 편지’ 미션을 성공했습니다!','myapp://zip.com/home',0,'https://projectzip.s3.ap-northeast-2.amazonaws.com/profiles/m_3.png','2022-11-17 13:52:11'),(360,13,'가족과 함께하는 ‘오늘의 편지’ 미션을 성공했습니다!','myapp://zip.com/home',1,'https://projectzip.s3.ap-northeast-2.amazonaws.com/profiles/m_3.png','2022-11-17 13:52:11'),(361,10,'딸님이 오늘의 백문백답을 등록했습니다. 확인해보세요!','myapp://zip.com/qna/2',0,'https://projectzip.s3.ap-northeast-2.amazonaws.com/profiles/f_12.png','2022-11-17 13:55:20'),(362,12,'딸님이 오늘의 백문백답을 등록했습니다. 확인해보세요!','myapp://zip.com/qna/2',0,'https://projectzip.s3.ap-northeast-2.amazonaws.com/profiles/f_12.png','2022-11-17 13:55:20'),(363,13,'딸님이 오늘의 백문백답을 등록했습니다. 확인해보세요!','myapp://zip.com/qna/2',1,'https://projectzip.s3.ap-northeast-2.amazonaws.com/profiles/f_12.png','2022-11-17 13:55:20'),(364,11,'아들님이 오늘의 백문백답을 등록했습니다. 확인해보세요!','myapp://zip.com/qna/2',1,'https://projectzip.s3.ap-northeast-2.amazonaws.com/profiles/m_3.png','2022-11-17 13:56:27'),(365,12,'아들님이 오늘의 백문백답을 등록했습니다. 확인해보세요!','myapp://zip.com/qna/2',0,'https://projectzip.s3.ap-northeast-2.amazonaws.com/profiles/m_3.png','2022-11-17 13:56:27'),(366,13,'아들님이 오늘의 백문백답을 등록했습니다. 확인해보세요!','myapp://zip.com/qna/2',1,'https://projectzip.s3.ap-northeast-2.amazonaws.com/profiles/m_3.png','2022-11-17 13:56:27'),(367,10,'아빠님이 오늘의 백문백답을 등록했습니다. 확인해보세요!','myapp://zip.com/qna/2',0,'https://projectzip.s3.ap-northeast-2.amazonaws.com/profiles/m_12.png','2022-11-17 13:57:04'),(368,11,'아빠님이 오늘의 백문백답을 등록했습니다. 확인해보세요!','myapp://zip.com/qna/2',1,'https://projectzip.s3.ap-northeast-2.amazonaws.com/profiles/m_12.png','2022-11-17 13:57:04'),(369,13,'아빠님이 오늘의 백문백답을 등록했습니다. 확인해보세요!','myapp://zip.com/qna/2',1,'https://projectzip.s3.ap-northeast-2.amazonaws.com/profiles/m_12.png','2022-11-17 13:57:04'),(370,10,'엄마님이 오늘의 백문백답을 등록했습니다. 확인해보세요!','myapp://zip.com/qna/2',0,'https://projectzip.s3.ap-northeast-2.amazonaws.com/profiles/f_2.png','2022-11-17 13:57:52'),(371,11,'엄마님이 오늘의 백문백답을 등록했습니다. 확인해보세요!','myapp://zip.com/qna/2',1,'https://projectzip.s3.ap-northeast-2.amazonaws.com/profiles/f_2.png','2022-11-17 13:57:52'),(372,12,'엄마님이 오늘의 백문백답을 등록했습니다. 확인해보세요!','myapp://zip.com/qna/2',0,'https://projectzip.s3.ap-northeast-2.amazonaws.com/profiles/f_2.png','2022-11-17 13:57:52'),(373,10,'가족과 함께하는 ‘오늘의 백문백답’ 미션을 성공했습니다!','myapp://zip.com/home',0,'https://projectzip.s3.ap-northeast-2.amazonaws.com/profiles/f_2.png','2022-11-17 13:57:52'),(374,11,'가족과 함께하는 ‘오늘의 백문백답’ 미션을 성공했습니다!','myapp://zip.com/home',1,'https://projectzip.s3.ap-northeast-2.amazonaws.com/profiles/f_2.png','2022-11-17 13:57:52'),(375,12,'가족과 함께하는 ‘오늘의 백문백답’ 미션을 성공했습니다!','myapp://zip.com/home',0,'https://projectzip.s3.ap-northeast-2.amazonaws.com/profiles/f_2.png','2022-11-17 13:57:52'),(376,13,'가족과 함께하는 ‘오늘의 백문백답’ 미션을 성공했습니다!','myapp://zip.com/home',1,'https://projectzip.s3.ap-northeast-2.amazonaws.com/profiles/f_2.png','2022-11-17 13:57:52'),(377,10,'딸님이 함께하는 일정을 등록했습니다. 확인해보세요!','myapp://zip.com/calendar',0,'https://projectzip.s3.ap-northeast-2.amazonaws.com/profiles/f_12.png','2022-11-17 13:59:36'),(378,12,'딸님이 함께하는 일정을 등록했습니다. 확인해보세요!','myapp://zip.com/calendar',0,'https://projectzip.s3.ap-northeast-2.amazonaws.com/profiles/f_12.png','2022-11-17 13:59:36'),(379,13,'딸님이 함께하는 일정을 등록했습니다. 확인해보세요!','myapp://zip.com/calendar',1,'https://projectzip.s3.ap-northeast-2.amazonaws.com/profiles/f_12.png','2022-11-17 13:59:36'),(380,11,'아들님이 오늘의 백문백답을 등록했습니다. 확인해보세요!','myapp://zip.com/qna/3',1,'https://projectzip.s3.ap-northeast-2.amazonaws.com/profiles/m_3.png','2022-11-17 14:00:03'),(381,12,'아들님이 오늘의 백문백답을 등록했습니다. 확인해보세요!','myapp://zip.com/qna/3',0,'https://projectzip.s3.ap-northeast-2.amazonaws.com/profiles/m_3.png','2022-11-17 14:00:03'),(382,13,'아들님이 오늘의 백문백답을 등록했습니다. 확인해보세요!','myapp://zip.com/qna/3',1,'https://projectzip.s3.ap-northeast-2.amazonaws.com/profiles/m_3.png','2022-11-17 14:00:03'),(383,10,'딸님이 오늘의 백문백답을 등록했습니다. 확인해보세요!','myapp://zip.com/qna/3',0,'https://projectzip.s3.ap-northeast-2.amazonaws.com/profiles/f_12.png','2022-11-17 14:00:17'),(384,12,'딸님이 오늘의 백문백답을 등록했습니다. 확인해보세요!','myapp://zip.com/qna/3',0,'https://projectzip.s3.ap-northeast-2.amazonaws.com/profiles/f_12.png','2022-11-17 14:00:17'),(385,13,'딸님이 오늘의 백문백답을 등록했습니다. 확인해보세요!','myapp://zip.com/qna/3',1,'https://projectzip.s3.ap-northeast-2.amazonaws.com/profiles/f_12.png','2022-11-17 14:00:17'),(386,10,'엄마님이 오늘의 백문백답을 등록했습니다. 확인해보세요!','myapp://zip.com/qna/3',0,'https://projectzip.s3.ap-northeast-2.amazonaws.com/profiles/f_2.png','2022-11-17 14:01:06'),(387,11,'엄마님이 오늘의 백문백답을 등록했습니다. 확인해보세요!','myapp://zip.com/qna/3',1,'https://projectzip.s3.ap-northeast-2.amazonaws.com/profiles/f_2.png','2022-11-17 14:01:06'),(388,12,'엄마님이 오늘의 백문백답을 등록했습니다. 확인해보세요!','myapp://zip.com/qna/3',0,'https://projectzip.s3.ap-northeast-2.amazonaws.com/profiles/f_2.png','2022-11-17 14:01:06'),(389,10,'아빠님이 오늘의 백문백답을 등록했습니다. 확인해보세요!','myapp://zip.com/qna/3',0,'https://projectzip.s3.ap-northeast-2.amazonaws.com/profiles/m_12.png','2022-11-17 14:02:10'),(390,11,'아빠님이 오늘의 백문백답을 등록했습니다. 확인해보세요!','myapp://zip.com/qna/3',1,'https://projectzip.s3.ap-northeast-2.amazonaws.com/profiles/m_12.png','2022-11-17 14:02:10'),(391,13,'아빠님이 오늘의 백문백답을 등록했습니다. 확인해보세요!','myapp://zip.com/qna/3',1,'https://projectzip.s3.ap-northeast-2.amazonaws.com/profiles/m_12.png','2022-11-17 14:02:10'),(392,10,'가족과 함께하는 ‘오늘의 백문백답’ 미션을 성공했습니다!','myapp://zip.com/home',0,'https://projectzip.s3.ap-northeast-2.amazonaws.com/profiles/m_12.png','2022-11-17 14:02:10'),(393,11,'가족과 함께하는 ‘오늘의 백문백답’ 미션을 성공했습니다!','myapp://zip.com/home',1,'https://projectzip.s3.ap-northeast-2.amazonaws.com/profiles/m_12.png','2022-11-17 14:02:10'),(394,12,'가족과 함께하는 ‘오늘의 백문백답’ 미션을 성공했습니다!','myapp://zip.com/home',0,'https://projectzip.s3.ap-northeast-2.amazonaws.com/profiles/m_12.png','2022-11-17 14:02:10'),(395,13,'가족과 함께하는 ‘오늘의 백문백답’ 미션을 성공했습니다!','myapp://zip.com/home',1,'https://projectzip.s3.ap-northeast-2.amazonaws.com/profiles/m_12.png','2022-11-17 14:02:10'),(396,12,'딸님에게 오늘의 편지가 도착했습니다. 확인해보세요!','myapp://zip.com/letter/14',0,'https://projectzip.s3.ap-northeast-2.amazonaws.com/profiles/f_12.png','2022-11-17 14:03:25'),(397,11,'아빠님에게 오늘의 편지가 도착했습니다. 확인해보세요!','myapp://zip.com/letter/15',1,'https://projectzip.s3.ap-northeast-2.amazonaws.com/profiles/m_12.png','2022-11-17 14:03:57'),(398,10,'딸님이 게시글을 등록했습니다. 확인해보세요!','myapp://zip.com/board/9',0,'https://projectzip.s3.ap-northeast-2.amazonaws.com/profiles/f_12.png','2022-11-17 14:03:57'),(399,12,'딸님이 게시글을 등록했습니다. 확인해보세요!','myapp://zip.com/board/9',0,'https://projectzip.s3.ap-northeast-2.amazonaws.com/profiles/f_12.png','2022-11-17 14:03:57'),(400,13,'딸님이 게시글을 등록했습니다. 확인해보세요!','myapp://zip.com/board/9',1,'https://projectzip.s3.ap-northeast-2.amazonaws.com/profiles/f_12.png','2022-11-17 14:03:57'),(401,12,'엄마님에게 오늘의 편지가 도착했습니다. 확인해보세요!','myapp://zip.com/letter/16',0,'https://projectzip.s3.ap-northeast-2.amazonaws.com/profiles/f_2.png','2022-11-17 14:05:00'),(402,11,'아들님에게 오늘의 편지가 도착했습니다. 확인해보세요!','myapp://zip.com/letter/17',1,'https://projectzip.s3.ap-northeast-2.amazonaws.com/profiles/m_3.png','2022-11-17 14:05:53'),(403,10,'가족과 함께하는 ‘오늘의 편지’ 미션을 성공했습니다!','myapp://zip.com/home',0,'https://projectzip.s3.ap-northeast-2.amazonaws.com/profiles/m_3.png','2022-11-17 14:05:53'),(404,11,'가족과 함께하는 ‘오늘의 편지’ 미션을 성공했습니다!','myapp://zip.com/home',1,'https://projectzip.s3.ap-northeast-2.amazonaws.com/profiles/m_3.png','2022-11-17 14:05:53'),(405,12,'가족과 함께하는 ‘오늘의 편지’ 미션을 성공했습니다!','myapp://zip.com/home',0,'https://projectzip.s3.ap-northeast-2.amazonaws.com/profiles/m_3.png','2022-11-17 14:05:53'),(406,13,'가족과 함께하는 ‘오늘의 편지’ 미션을 성공했습니다!','myapp://zip.com/home',1,'https://projectzip.s3.ap-northeast-2.amazonaws.com/profiles/m_3.png','2022-11-17 14:05:53'),(407,13,'딸님에게 오늘의 편지가 도착했습니다. 확인해보세요!','myapp://zip.com/letter/18',1,'https://projectzip.s3.ap-northeast-2.amazonaws.com/profiles/f_12.png','2022-11-17 14:07:18'),(408,10,'엄마님에게 오늘의 편지가 도착했습니다. 확인해보세요!','myapp://zip.com/letter/19',0,'https://projectzip.s3.ap-northeast-2.amazonaws.com/profiles/f_2.png','2022-11-17 14:07:45'),(409,11,'아빠님에게 오늘의 편지가 도착했습니다. 확인해보세요!','myapp://zip.com/letter/20',1,'https://projectzip.s3.ap-northeast-2.amazonaws.com/profiles/m_12.png','2022-11-17 14:07:52'),(410,13,'아들님에게 오늘의 편지가 도착했습니다. 확인해보세요!','myapp://zip.com/letter/21',1,'https://projectzip.s3.ap-northeast-2.amazonaws.com/profiles/m_3.png','2022-11-17 14:08:58'),(411,10,'가족과 함께하는 ‘오늘의 편지’ 미션을 성공했습니다!','myapp://zip.com/home',0,'https://projectzip.s3.ap-northeast-2.amazonaws.com/profiles/m_3.png','2022-11-17 14:08:58'),(412,11,'가족과 함께하는 ‘오늘의 편지’ 미션을 성공했습니다!','myapp://zip.com/home',1,'https://projectzip.s3.ap-northeast-2.amazonaws.com/profiles/m_3.png','2022-11-17 14:08:58'),(413,12,'가족과 함께하는 ‘오늘의 편지’ 미션을 성공했습니다!','myapp://zip.com/home',0,'https://projectzip.s3.ap-northeast-2.amazonaws.com/profiles/m_3.png','2022-11-17 14:08:58'),(414,13,'가족과 함께하는 ‘오늘의 편지’ 미션을 성공했습니다!','myapp://zip.com/home',1,'https://projectzip.s3.ap-northeast-2.amazonaws.com/profiles/m_3.png','2022-11-17 14:08:58'),(415,11,'아들님이 오늘의 백문백답을 등록했습니다. 확인해보세요!','myapp://zip.com/qna/4',1,'https://projectzip.s3.ap-northeast-2.amazonaws.com/profiles/m_3.png','2022-11-17 14:10:07'),(416,12,'아들님이 오늘의 백문백답을 등록했습니다. 확인해보세요!','myapp://zip.com/qna/4',0,'https://projectzip.s3.ap-northeast-2.amazonaws.com/profiles/m_3.png','2022-11-17 14:10:07'),(417,13,'아들님이 오늘의 백문백답을 등록했습니다. 확인해보세요!','myapp://zip.com/qna/4',1,'https://projectzip.s3.ap-northeast-2.amazonaws.com/profiles/m_3.png','2022-11-17 14:10:07'),(418,10,'아빠님이 오늘의 백문백답을 등록했습니다. 확인해보세요!','myapp://zip.com/qna/4',1,'https://projectzip.s3.ap-northeast-2.amazonaws.com/profiles/m_12.png','2022-11-17 14:10:19'),(419,11,'아빠님이 오늘의 백문백답을 등록했습니다. 확인해보세요!','myapp://zip.com/qna/4',1,'https://projectzip.s3.ap-northeast-2.amazonaws.com/profiles/m_12.png','2022-11-17 14:10:19'),(420,13,'아빠님이 오늘의 백문백답을 등록했습니다. 확인해보세요!','myapp://zip.com/qna/4',1,'https://projectzip.s3.ap-northeast-2.amazonaws.com/profiles/m_12.png','2022-11-17 14:10:19'),(421,13,'아들님에게 오늘의 편지가 도착했습니다. 확인해보세요!','myapp://zip.com/letter/22',1,'https://projectzip.s3.ap-northeast-2.amazonaws.com/profiles/m_3.png','2022-11-17 14:11:02'),(422,10,'딸님이 오늘의 백문백답을 등록했습니다. 확인해보세요!','myapp://zip.com/qna/4',0,'https://projectzip.s3.ap-northeast-2.amazonaws.com/profiles/f_12.png','2022-11-17 14:11:56'),(423,12,'딸님이 오늘의 백문백답을 등록했습니다. 확인해보세요!','myapp://zip.com/qna/4',0,'https://projectzip.s3.ap-northeast-2.amazonaws.com/profiles/f_12.png','2022-11-17 14:11:56'),(424,13,'딸님이 오늘의 백문백답을 등록했습니다. 확인해보세요!','myapp://zip.com/qna/4',1,'https://projectzip.s3.ap-northeast-2.amazonaws.com/profiles/f_12.png','2022-11-17 14:11:56'),(425,10,'엄마님이 오늘의 백문백답을 등록했습니다. 확인해보세요!','myapp://zip.com/qna/4',1,'https://projectzip.s3.ap-northeast-2.amazonaws.com/profiles/f_2.png','2022-11-17 14:12:04'),(426,11,'엄마님이 오늘의 백문백답을 등록했습니다. 확인해보세요!','myapp://zip.com/qna/4',1,'https://projectzip.s3.ap-northeast-2.amazonaws.com/profiles/f_2.png','2022-11-17 14:12:04'),(427,12,'엄마님이 오늘의 백문백답을 등록했습니다. 확인해보세요!','myapp://zip.com/qna/4',0,'https://projectzip.s3.ap-northeast-2.amazonaws.com/profiles/f_2.png','2022-11-17 14:12:04'),(428,10,'가족과 함께하는 ‘오늘의 백문백답’ 미션을 성공했습니다!','myapp://zip.com/home',0,'https://projectzip.s3.ap-northeast-2.amazonaws.com/profiles/f_2.png','2022-11-17 14:12:04'),(429,11,'가족과 함께하는 ‘오늘의 백문백답’ 미션을 성공했습니다!','myapp://zip.com/home',1,'https://projectzip.s3.ap-northeast-2.amazonaws.com/profiles/f_2.png','2022-11-17 14:12:04'),(430,12,'가족과 함께하는 ‘오늘의 백문백답’ 미션을 성공했습니다!','myapp://zip.com/home',0,'https://projectzip.s3.ap-northeast-2.amazonaws.com/profiles/f_2.png','2022-11-17 14:12:04'),(431,13,'가족과 함께하는 ‘오늘의 백문백답’ 미션을 성공했습니다!','myapp://zip.com/home',1,'https://projectzip.s3.ap-northeast-2.amazonaws.com/profiles/f_2.png','2022-11-17 14:12:04'),(432,10,'딸님에게 오늘의 편지가 도착했습니다. 확인해보세요!','myapp://zip.com/letter/23',0,'https://projectzip.s3.ap-northeast-2.amazonaws.com/profiles/f_12.png','2022-11-17 14:13:01'),(433,11,'아빠님에게 오늘의 편지가 도착했습니다. 확인해보세요!','myapp://zip.com/letter/24',1,'https://projectzip.s3.ap-northeast-2.amazonaws.com/profiles/m_12.png','2022-11-17 14:13:14'),(434,12,'딸님이 일정을 등록했습니다. 확인해보세요!','myapp://zip.com/calendar',0,'https://projectzip.s3.ap-northeast-2.amazonaws.com/profiles/f_12.png','2022-11-17 14:14:47'),(435,10,'딸님이 함께하는 일정을 등록했습니다. 확인해보세요!','myapp://zip.com/calendar',0,'https://projectzip.s3.ap-northeast-2.amazonaws.com/profiles/f_12.png','2022-11-17 14:14:47'),(436,13,'딸님이 함께하는 일정을 등록했습니다. 확인해보세요!','myapp://zip.com/calendar',1,'https://projectzip.s3.ap-northeast-2.amazonaws.com/profiles/f_12.png','2022-11-17 14:14:47'),(437,11,'엄마님에게 오늘의 편지가 도착했습니다. 확인해보세요!','myapp://zip.com/letter/25',1,'https://projectzip.s3.ap-northeast-2.amazonaws.com/profiles/f_2.png','2022-11-17 14:15:28'),(438,10,'가족과 함께하는 ‘오늘의 편지’ 미션을 성공했습니다!','myapp://zip.com/home',0,'https://projectzip.s3.ap-northeast-2.amazonaws.com/profiles/f_2.png','2022-11-17 14:15:28'),(439,11,'가족과 함께하는 ‘오늘의 편지’ 미션을 성공했습니다!','myapp://zip.com/home',1,'https://projectzip.s3.ap-northeast-2.amazonaws.com/profiles/f_2.png','2022-11-17 14:15:28'),(440,12,'가족과 함께하는 ‘오늘의 편지’ 미션을 성공했습니다!','myapp://zip.com/home',0,'https://projectzip.s3.ap-northeast-2.amazonaws.com/profiles/f_2.png','2022-11-17 14:15:28'),(441,13,'가족과 함께하는 ‘오늘의 편지’ 미션을 성공했습니다!','myapp://zip.com/home',1,'https://projectzip.s3.ap-northeast-2.amazonaws.com/profiles/f_2.png','2022-11-17 14:15:28'),(442,12,'딸님이 함께하는 일정을 등록했습니다. 확인해보세요!','myapp://zip.com/calendar',0,'https://projectzip.s3.ap-northeast-2.amazonaws.com/profiles/f_12.png','2022-11-17 14:15:33'),(443,10,'딸님이 일정을 등록했습니다. 확인해보세요!','myapp://zip.com/calendar',0,'https://projectzip.s3.ap-northeast-2.amazonaws.com/profiles/f_12.png','2022-11-17 14:15:33'),(444,13,'딸님이 일정을 등록했습니다. 확인해보세요!','myapp://zip.com/calendar',1,'https://projectzip.s3.ap-northeast-2.amazonaws.com/profiles/f_12.png','2022-11-17 14:15:33'),(445,10,'딸님이 함께하는 일정을 등록했습니다. 확인해보세요!','myapp://zip.com/calendar',0,'https://projectzip.s3.ap-northeast-2.amazonaws.com/profiles/f_12.png','2022-11-17 14:15:59'),(446,12,'딸님이 함께하는 일정을 등록했습니다. 확인해보세요!','myapp://zip.com/calendar',0,'https://projectzip.s3.ap-northeast-2.amazonaws.com/profiles/f_12.png','2022-11-17 14:15:59'),(447,13,'딸님이 함께하는 일정을 등록했습니다. 확인해보세요!','myapp://zip.com/calendar',1,'https://projectzip.s3.ap-northeast-2.amazonaws.com/profiles/f_12.png','2022-11-17 14:15:59'),(448,11,'아들님이 일정을 등록했습니다. 확인해보세요!','myapp://zip.com/calendar',1,'https://projectzip.s3.ap-northeast-2.amazonaws.com/profiles/m_3.png','2022-11-17 14:17:10'),(449,12,'아들님이 일정을 등록했습니다. 확인해보세요!','myapp://zip.com/calendar',0,'https://projectzip.s3.ap-northeast-2.amazonaws.com/profiles/m_3.png','2022-11-17 14:17:10'),(450,13,'아들님이 일정을 등록했습니다. 확인해보세요!','myapp://zip.com/calendar',1,'https://projectzip.s3.ap-northeast-2.amazonaws.com/profiles/m_3.png','2022-11-17 14:17:10'),(451,10,'아빠님이 사진을 올렸습니다. 확인해보세요!','myapp://zip.com/board',0,'https://projectzip.s3.ap-northeast-2.amazonaws.com/profiles/m_12.png','2022-11-17 14:22:31'),(452,11,'아빠님이 사진을 올렸습니다. 확인해보세요!','myapp://zip.com/board',1,'https://projectzip.s3.ap-northeast-2.amazonaws.com/profiles/m_12.png','2022-11-17 14:22:31'),(453,13,'아빠님이 사진을 올렸습니다. 확인해보세요!','myapp://zip.com/board',1,'https://projectzip.s3.ap-northeast-2.amazonaws.com/profiles/m_12.png','2022-11-17 14:22:31'),(454,10,'아빠님이 사진을 올렸습니다. 확인해보세요!','myapp://zip.com/board',0,'https://projectzip.s3.ap-northeast-2.amazonaws.com/profiles/m_12.png','2022-11-17 14:24:09'),(455,11,'아빠님이 사진을 올렸습니다. 확인해보세요!','myapp://zip.com/board',1,'https://projectzip.s3.ap-northeast-2.amazonaws.com/profiles/m_12.png','2022-11-17 14:24:09'),(456,13,'아빠님이 사진을 올렸습니다. 확인해보세요!','myapp://zip.com/board',1,'https://projectzip.s3.ap-northeast-2.amazonaws.com/profiles/m_12.png','2022-11-17 14:24:09'),(457,10,'딸님이 사진을 올렸습니다. 확인해보세요!','myapp://zip.com/board',0,'https://projectzip.s3.ap-northeast-2.amazonaws.com/profiles/f_12.png','2022-11-17 14:28:59'),(458,12,'딸님이 사진을 올렸습니다. 확인해보세요!','myapp://zip.com/board',0,'https://projectzip.s3.ap-northeast-2.amazonaws.com/profiles/f_12.png','2022-11-17 14:28:59'),(459,13,'딸님이 사진을 올렸습니다. 확인해보세요!','myapp://zip.com/board',1,'https://projectzip.s3.ap-northeast-2.amazonaws.com/profiles/f_12.png','2022-11-17 14:28:59'),(460,10,'딸님이 사진을 올렸습니다. 확인해보세요!','myapp://zip.com/board',0,'https://projectzip.s3.ap-northeast-2.amazonaws.com/profiles/f_12.png','2022-11-17 14:29:24'),(461,12,'딸님이 사진을 올렸습니다. 확인해보세요!','myapp://zip.com/board',0,'https://projectzip.s3.ap-northeast-2.amazonaws.com/profiles/f_12.png','2022-11-17 14:29:24'),(462,13,'딸님이 사진을 올렸습니다. 확인해보세요!','myapp://zip.com/board',1,'https://projectzip.s3.ap-northeast-2.amazonaws.com/profiles/f_12.png','2022-11-17 14:29:24'),(463,10,'딸님이 사진을 올렸습니다. 확인해보세요!','myapp://zip.com/board',0,'https://projectzip.s3.ap-northeast-2.amazonaws.com/profiles/f_12.png','2022-11-17 14:29:35'),(464,12,'딸님이 사진을 올렸습니다. 확인해보세요!','myapp://zip.com/board',0,'https://projectzip.s3.ap-northeast-2.amazonaws.com/profiles/f_12.png','2022-11-17 14:29:35'),(465,13,'딸님이 사진을 올렸습니다. 확인해보세요!','myapp://zip.com/board',1,'https://projectzip.s3.ap-northeast-2.amazonaws.com/profiles/f_12.png','2022-11-17 14:29:35'),(466,10,'딸님이 사진을 올렸습니다. 확인해보세요!','myapp://zip.com/board',0,'https://projectzip.s3.ap-northeast-2.amazonaws.com/profiles/f_12.png','2022-11-17 14:30:09'),(467,12,'딸님이 사진을 올렸습니다. 확인해보세요!','myapp://zip.com/board',0,'https://projectzip.s3.ap-northeast-2.amazonaws.com/profiles/f_12.png','2022-11-17 14:30:09'),(468,13,'딸님이 사진을 올렸습니다. 확인해보세요!','myapp://zip.com/board',1,'https://projectzip.s3.ap-northeast-2.amazonaws.com/profiles/f_12.png','2022-11-17 14:30:09'),(469,10,'딸님이 사진을 올렸습니다. 확인해보세요!','myapp://zip.com/board',0,'https://projectzip.s3.ap-northeast-2.amazonaws.com/profiles/f_12.png','2022-11-17 14:30:14'),(470,12,'딸님이 사진을 올렸습니다. 확인해보세요!','myapp://zip.com/board',0,'https://projectzip.s3.ap-northeast-2.amazonaws.com/profiles/f_12.png','2022-11-17 14:30:14'),(471,13,'딸님이 사진을 올렸습니다. 확인해보세요!','myapp://zip.com/board',1,'https://projectzip.s3.ap-northeast-2.amazonaws.com/profiles/f_12.png','2022-11-17 14:30:14'),(472,10,'딸님이 사진을 올렸습니다. 확인해보세요!','myapp://zip.com/board',0,'https://projectzip.s3.ap-northeast-2.amazonaws.com/profiles/f_12.png','2022-11-17 14:30:25'),(473,12,'딸님이 사진을 올렸습니다. 확인해보세요!','myapp://zip.com/board',0,'https://projectzip.s3.ap-northeast-2.amazonaws.com/profiles/f_12.png','2022-11-17 14:30:25'),(474,13,'딸님이 사진을 올렸습니다. 확인해보세요!','myapp://zip.com/board',1,'https://projectzip.s3.ap-northeast-2.amazonaws.com/profiles/f_12.png','2022-11-17 14:30:25'),(475,10,'딸님이 사진을 올렸습니다. 확인해보세요!','myapp://zip.com/board',0,'https://projectzip.s3.ap-northeast-2.amazonaws.com/profiles/f_12.png','2022-11-17 14:36:54'),(476,12,'딸님이 사진을 올렸습니다. 확인해보세요!','myapp://zip.com/board',0,'https://projectzip.s3.ap-northeast-2.amazonaws.com/profiles/f_12.png','2022-11-17 14:36:54'),(477,13,'딸님이 사진을 올렸습니다. 확인해보세요!','myapp://zip.com/board',1,'https://projectzip.s3.ap-northeast-2.amazonaws.com/profiles/f_12.png','2022-11-17 14:36:54'),(478,10,'딸님이 게시글을 등록했습니다. 확인해보세요!','myapp://zip.com/board/10',0,'https://projectzip.s3.ap-northeast-2.amazonaws.com/profiles/f_12.png','2022-11-17 14:38:35'),(479,12,'딸님이 게시글을 등록했습니다. 확인해보세요!','myapp://zip.com/board/10',0,'https://projectzip.s3.ap-northeast-2.amazonaws.com/profiles/f_12.png','2022-11-17 14:38:35'),(480,13,'딸님이 게시글을 등록했습니다. 확인해보세요!','myapp://zip.com/board/10',1,'https://projectzip.s3.ap-northeast-2.amazonaws.com/profiles/f_12.png','2022-11-17 14:38:35'),(481,10,'엄마님이 사진을 올렸습니다. 확인해보세요!','myapp://zip.com/board',0,'https://projectzip.s3.ap-northeast-2.amazonaws.com/profiles/f_2.png','2022-11-17 14:59:06'),(482,11,'엄마님이 사진을 올렸습니다. 확인해보세요!','myapp://zip.com/board',1,'https://projectzip.s3.ap-northeast-2.amazonaws.com/profiles/f_2.png','2022-11-17 14:59:06'),(483,12,'엄마님이 사진을 올렸습니다. 확인해보세요!','myapp://zip.com/board',0,'https://projectzip.s3.ap-northeast-2.amazonaws.com/profiles/f_2.png','2022-11-17 14:59:06'),(484,10,'엄마님이 사진을 올렸습니다. 확인해보세요!','myapp://zip.com/board',0,'https://projectzip.s3.ap-northeast-2.amazonaws.com/profiles/f_2.png','2022-11-17 15:01:02'),(485,11,'엄마님이 사진을 올렸습니다. 확인해보세요!','myapp://zip.com/board',1,'https://projectzip.s3.ap-northeast-2.amazonaws.com/profiles/f_2.png','2022-11-17 15:01:02'),(486,12,'엄마님이 사진을 올렸습니다. 확인해보세요!','myapp://zip.com/board',0,'https://projectzip.s3.ap-northeast-2.amazonaws.com/profiles/f_2.png','2022-11-17 15:01:02'),(487,10,'엄마님이 사진을 올렸습니다. 확인해보세요!','myapp://zip.com/board',0,'https://projectzip.s3.ap-northeast-2.amazonaws.com/profiles/f_2.png','2022-11-17 15:02:55'),(488,11,'엄마님이 사진을 올렸습니다. 확인해보세요!','myapp://zip.com/board',1,'https://projectzip.s3.ap-northeast-2.amazonaws.com/profiles/f_2.png','2022-11-17 15:02:55'),(489,12,'엄마님이 사진을 올렸습니다. 확인해보세요!','myapp://zip.com/board',0,'https://projectzip.s3.ap-northeast-2.amazonaws.com/profiles/f_2.png','2022-11-17 15:02:55'),(490,10,'엄마님이 게시글을 등록했습니다. 확인해보세요!','myapp://zip.com/board/11',0,'https://projectzip.s3.ap-northeast-2.amazonaws.com/profiles/f_2.png','2022-11-17 15:14:19'),(491,11,'엄마님이 게시글을 등록했습니다. 확인해보세요!','myapp://zip.com/board/11',1,'https://projectzip.s3.ap-northeast-2.amazonaws.com/profiles/f_2.png','2022-11-17 15:14:19'),(492,12,'엄마님이 게시글을 등록했습니다. 확인해보세요!','myapp://zip.com/board/11',0,'https://projectzip.s3.ap-northeast-2.amazonaws.com/profiles/f_2.png','2022-11-17 15:14:19'),(493,10,'아빠님이 게시글을 등록했습니다. 확인해보세요!','myapp://zip.com/board/12',0,'https://projectzip.s3.ap-northeast-2.amazonaws.com/profiles/m_12.png','2022-11-17 15:20:55'),(494,11,'아빠님이 게시글을 등록했습니다. 확인해보세요!','myapp://zip.com/board/12',1,'https://projectzip.s3.ap-northeast-2.amazonaws.com/profiles/m_12.png','2022-11-17 15:20:55'),(495,13,'아빠님이 게시글을 등록했습니다. 확인해보세요!','myapp://zip.com/board/12',1,'https://projectzip.s3.ap-northeast-2.amazonaws.com/profiles/m_12.png','2022-11-17 15:20:55'),(496,10,'딸님이 게시글을 등록했습니다. 확인해보세요!','myapp://zip.com/board/13',0,'https://projectzip.s3.ap-northeast-2.amazonaws.com/profiles/f_12.png','2022-11-17 15:23:13'),(497,12,'딸님이 게시글을 등록했습니다. 확인해보세요!','myapp://zip.com/board/13',0,'https://projectzip.s3.ap-northeast-2.amazonaws.com/profiles/f_12.png','2022-11-17 15:23:13'),(498,13,'딸님이 게시글을 등록했습니다. 확인해보세요!','myapp://zip.com/board/13',1,'https://projectzip.s3.ap-northeast-2.amazonaws.com/profiles/f_12.png','2022-11-17 15:23:13'),(499,10,'아빠님이 사진을 올렸습니다. 확인해보세요!','myapp://zip.com/board',0,'https://projectzip.s3.ap-northeast-2.amazonaws.com/profiles/m_12.png','2022-11-17 16:04:15'),(500,11,'아빠님이 사진을 올렸습니다. 확인해보세요!','myapp://zip.com/board',1,'https://projectzip.s3.ap-northeast-2.amazonaws.com/profiles/m_12.png','2022-11-17 16:04:15'),(501,13,'아빠님이 사진을 올렸습니다. 확인해보세요!','myapp://zip.com/board',1,'https://projectzip.s3.ap-northeast-2.amazonaws.com/profiles/m_12.png','2022-11-17 16:04:15'),(505,10,'아빠님이 사진을 올렸습니다. 확인해보세요!','myapp://zip.com/board',0,'https://projectzip.s3.ap-northeast-2.amazonaws.com/profiles/m_12.png','2022-11-17 16:11:06'),(506,11,'아빠님이 사진을 올렸습니다. 확인해보세요!','myapp://zip.com/board',1,'https://projectzip.s3.ap-northeast-2.amazonaws.com/profiles/m_12.png','2022-11-17 16:11:06'),(507,13,'아빠님이 사진을 올렸습니다. 확인해보세요!','myapp://zip.com/board',1,'https://projectzip.s3.ap-northeast-2.amazonaws.com/profiles/m_12.png','2022-11-17 16:11:06'),(511,10,'아빠님이 사진을 올렸습니다. 확인해보세요!','myapp://zip.com/board',1,'https://projectzip.s3.ap-northeast-2.amazonaws.com/profiles/m_12.png','2022-11-17 16:11:36'),(512,11,'아빠님이 사진을 올렸습니다. 확인해보세요!','myapp://zip.com/board',1,'https://projectzip.s3.ap-northeast-2.amazonaws.com/profiles/m_12.png','2022-11-17 16:11:36'),(513,13,'아빠님이 사진을 올렸습니다. 확인해보세요!','myapp://zip.com/board',1,'https://projectzip.s3.ap-northeast-2.amazonaws.com/profiles/m_12.png','2022-11-17 16:11:36'),(514,10,'아빠님이 사진을 올렸습니다. 확인해보세요!','myapp://zip.com/board',0,'https://projectzip.s3.ap-northeast-2.amazonaws.com/profiles/m_12.png','2022-11-17 16:11:48'),(515,11,'아빠님이 사진을 올렸습니다. 확인해보세요!','myapp://zip.com/board',1,'https://projectzip.s3.ap-northeast-2.amazonaws.com/profiles/m_12.png','2022-11-17 16:11:48'),(516,13,'아빠님이 사진을 올렸습니다. 확인해보세요!','myapp://zip.com/board',1,'https://projectzip.s3.ap-northeast-2.amazonaws.com/profiles/m_12.png','2022-11-17 16:11:48'),(517,10,'아빠님이 사진을 올렸습니다. 확인해보세요!','myapp://zip.com/board',0,'https://projectzip.s3.ap-northeast-2.amazonaws.com/profiles/m_12.png','2022-11-17 16:12:00'),(518,11,'아빠님이 사진을 올렸습니다. 확인해보세요!','myapp://zip.com/board',1,'https://projectzip.s3.ap-northeast-2.amazonaws.com/profiles/m_12.png','2022-11-17 16:12:00'),(519,13,'아빠님이 사진을 올렸습니다. 확인해보세요!','myapp://zip.com/board',1,'https://projectzip.s3.ap-northeast-2.amazonaws.com/profiles/m_12.png','2022-11-17 16:12:00'),(523,10,'아빠님이 사진을 올렸습니다. 확인해보세요!','myapp://zip.com/board',0,'https://projectzip.s3.ap-northeast-2.amazonaws.com/profiles/m_12.png','2022-11-17 16:12:19'),(524,11,'아빠님이 사진을 올렸습니다. 확인해보세요!','myapp://zip.com/board',1,'https://projectzip.s3.ap-northeast-2.amazonaws.com/profiles/m_12.png','2022-11-17 16:12:19'),(525,13,'아빠님이 사진을 올렸습니다. 확인해보세요!','myapp://zip.com/board',1,'https://projectzip.s3.ap-northeast-2.amazonaws.com/profiles/m_12.png','2022-11-17 16:12:19'),(529,10,'아빠님이 사진을 올렸습니다. 확인해보세요!','myapp://zip.com/board',0,'https://projectzip.s3.ap-northeast-2.amazonaws.com/profiles/m_12.png','2022-11-17 16:12:59'),(530,11,'아빠님이 사진을 올렸습니다. 확인해보세요!','myapp://zip.com/board',1,'https://projectzip.s3.ap-northeast-2.amazonaws.com/profiles/m_12.png','2022-11-17 16:12:59'),(531,13,'아빠님이 사진을 올렸습니다. 확인해보세요!','myapp://zip.com/board',1,'https://projectzip.s3.ap-northeast-2.amazonaws.com/profiles/m_12.png','2022-11-17 16:12:59'),(532,10,'아빠님이 사진을 올렸습니다. 확인해보세요!','myapp://zip.com/board',1,'https://projectzip.s3.ap-northeast-2.amazonaws.com/profiles/m_12.png','2022-11-17 16:13:22'),(533,11,'아빠님이 사진을 올렸습니다. 확인해보세요!','myapp://zip.com/board',1,'https://projectzip.s3.ap-northeast-2.amazonaws.com/profiles/m_12.png','2022-11-17 16:13:22'),(534,13,'아빠님이 사진을 올렸습니다. 확인해보세요!','myapp://zip.com/board',1,'https://projectzip.s3.ap-northeast-2.amazonaws.com/profiles/m_12.png','2022-11-17 16:13:22'),(535,10,'아빠님이 사진을 올렸습니다. 확인해보세요!','myapp://zip.com/board',1,'https://projectzip.s3.ap-northeast-2.amazonaws.com/profiles/m_12.png','2022-11-17 16:14:15'),(536,11,'아빠님이 사진을 올렸습니다. 확인해보세요!','myapp://zip.com/board',1,'https://projectzip.s3.ap-northeast-2.amazonaws.com/profiles/m_12.png','2022-11-17 16:14:15'),(537,13,'아빠님이 사진을 올렸습니다. 확인해보세요!','myapp://zip.com/board',1,'https://projectzip.s3.ap-northeast-2.amazonaws.com/profiles/m_12.png','2022-11-17 16:14:15'),(538,10,'아빠님이 사진을 올렸습니다. 확인해보세요!','myapp://zip.com/board',1,'https://projectzip.s3.ap-northeast-2.amazonaws.com/profiles/m_12.png','2022-11-17 16:14:39'),(539,11,'아빠님이 사진을 올렸습니다. 확인해보세요!','myapp://zip.com/board',1,'https://projectzip.s3.ap-northeast-2.amazonaws.com/profiles/m_12.png','2022-11-17 16:14:39'),(540,13,'아빠님이 사진을 올렸습니다. 확인해보세요!','myapp://zip.com/board',1,'https://projectzip.s3.ap-northeast-2.amazonaws.com/profiles/m_12.png','2022-11-17 16:14:39'),(544,10,'엄마님이 일정을 등록했습니다. 확인해보세요!','myapp://zip.com/calendar',0,'https://projectzip.s3.ap-northeast-2.amazonaws.com/profiles/f_2.png','2022-11-17 16:17:59'),(545,11,'엄마님이 일정을 등록했습니다. 확인해보세요!','myapp://zip.com/calendar',1,'https://projectzip.s3.ap-northeast-2.amazonaws.com/profiles/f_2.png','2022-11-17 16:17:59'),(546,12,'엄마님이 일정을 등록했습니다. 확인해보세요!','myapp://zip.com/calendar',0,'https://projectzip.s3.ap-northeast-2.amazonaws.com/profiles/f_2.png','2022-11-17 16:17:59'),(547,10,'딸님이 오늘의 백문백답을 등록했습니다. 확인해보세요!','myapp://zip.com/qna/4',1,'https://projectzip.s3.ap-northeast-2.amazonaws.com/profiles/f_12.png','2022-11-17 16:58:11'),(548,12,'딸님이 오늘의 백문백답을 등록했습니다. 확인해보세요!','myapp://zip.com/qna/4',0,'https://projectzip.s3.ap-northeast-2.amazonaws.com/profiles/f_12.png','2022-11-17 16:58:11'),(549,13,'딸님이 오늘의 백문백답을 등록했습니다. 확인해보세요!','myapp://zip.com/qna/4',1,'https://projectzip.s3.ap-northeast-2.amazonaws.com/profiles/f_12.png','2022-11-17 16:58:11'),(550,10,'가족과 함께하는 ‘오늘의 백문백답’ 미션을 성공했습니다!','myapp://zip.com/home',1,'https://projectzip.s3.ap-northeast-2.amazonaws.com/profiles/f_12.png','2022-11-17 16:58:11'),(551,11,'가족과 함께하는 ‘오늘의 백문백답’ 미션을 성공했습니다!','myapp://zip.com/home',1,'https://projectzip.s3.ap-northeast-2.amazonaws.com/profiles/f_12.png','2022-11-17 16:58:11'),(552,12,'가족과 함께하는 ‘오늘의 백문백답’ 미션을 성공했습니다!','myapp://zip.com/home',0,'https://projectzip.s3.ap-northeast-2.amazonaws.com/profiles/f_12.png','2022-11-17 16:58:11'),(553,13,'가족과 함께하는 ‘오늘의 백문백답’ 미션을 성공했습니다!','myapp://zip.com/home',1,'https://projectzip.s3.ap-northeast-2.amazonaws.com/profiles/f_12.png','2022-11-17 16:58:11'),(554,10,'딸님이 오늘의 백문백답을 등록했습니다. 확인해보세요!','myapp://zip.com/qna/4',1,'https://projectzip.s3.ap-northeast-2.amazonaws.com/profiles/f_12.png','2022-11-17 17:00:24'),(555,12,'딸님이 오늘의 백문백답을 등록했습니다. 확인해보세요!','myapp://zip.com/qna/4',0,'https://projectzip.s3.ap-northeast-2.amazonaws.com/profiles/f_12.png','2022-11-17 17:00:24'),(556,13,'딸님이 오늘의 백문백답을 등록했습니다. 확인해보세요!','myapp://zip.com/qna/4',1,'https://projectzip.s3.ap-northeast-2.amazonaws.com/profiles/f_12.png','2022-11-17 17:00:24'),(557,10,'가족과 함께하는 ‘오늘의 백문백답’ 미션을 성공했습니다!','myapp://zip.com/home',1,'https://projectzip.s3.ap-northeast-2.amazonaws.com/profiles/f_12.png','2022-11-17 17:00:24'),(558,11,'가족과 함께하는 ‘오늘의 백문백답’ 미션을 성공했습니다!','myapp://zip.com/home',1,'https://projectzip.s3.ap-northeast-2.amazonaws.com/profiles/f_12.png','2022-11-17 17:00:24'),(559,12,'가족과 함께하는 ‘오늘의 백문백답’ 미션을 성공했습니다!','myapp://zip.com/home',0,'https://projectzip.s3.ap-northeast-2.amazonaws.com/profiles/f_12.png','2022-11-17 17:00:24'),(560,13,'가족과 함께하는 ‘오늘의 백문백답’ 미션을 성공했습니다!','myapp://zip.com/home',1,'https://projectzip.s3.ap-northeast-2.amazonaws.com/profiles/f_12.png','2022-11-17 17:00:24'),(561,10,'딸님이 오늘의 백문백답을 등록했습니다. 확인해보세요!','myapp://zip.com/qna/4',1,'https://projectzip.s3.ap-northeast-2.amazonaws.com/profiles/f_12.png','2022-11-17 17:12:01'),(562,12,'딸님이 오늘의 백문백답을 등록했습니다. 확인해보세요!','myapp://zip.com/qna/4',0,'https://projectzip.s3.ap-northeast-2.amazonaws.com/profiles/f_12.png','2022-11-17 17:12:01'),(563,13,'딸님이 오늘의 백문백답을 등록했습니다. 확인해보세요!','myapp://zip.com/qna/4',1,'https://projectzip.s3.ap-northeast-2.amazonaws.com/profiles/f_12.png','2022-11-17 17:12:01'),(564,10,'가족과 함께하는 ‘오늘의 백문백답’ 미션을 성공했습니다!','myapp://zip.com/home',1,'https://projectzip.s3.ap-northeast-2.amazonaws.com/profiles/f_12.png','2022-11-17 17:12:01'),(565,11,'가족과 함께하는 ‘오늘의 백문백답’ 미션을 성공했습니다!','myapp://zip.com/home',1,'https://projectzip.s3.ap-northeast-2.amazonaws.com/profiles/f_12.png','2022-11-17 17:12:01'),(566,12,'가족과 함께하는 ‘오늘의 백문백답’ 미션을 성공했습니다!','myapp://zip.com/home',0,'https://projectzip.s3.ap-northeast-2.amazonaws.com/profiles/f_12.png','2022-11-17 17:12:01'),(567,13,'가족과 함께하는 ‘오늘의 백문백답’ 미션을 성공했습니다!','myapp://zip.com/home',1,'https://projectzip.s3.ap-northeast-2.amazonaws.com/profiles/f_12.png','2022-11-17 17:12:01'),(568,10,'딸님이 오늘의 백문백답을 등록했습니다. 확인해보세요!','myapp://zip.com/qna/5',0,'https://projectzip.s3.ap-northeast-2.amazonaws.com/profiles/f_12.png','2022-11-18 02:03:01'),(569,12,'딸님이 오늘의 백문백답을 등록했습니다. 확인해보세요!','myapp://zip.com/qna/5',0,'https://projectzip.s3.ap-northeast-2.amazonaws.com/profiles/f_12.png','2022-11-18 02:03:01'),(570,13,'딸님이 오늘의 백문백답을 등록했습니다. 확인해보세요!','myapp://zip.com/qna/5',1,'https://projectzip.s3.ap-northeast-2.amazonaws.com/profiles/f_12.png','2022-11-18 02:03:01'),(571,1,'이도엽님이 사진을 올렸습니다. 확인해보세요!','myapp://zip.com/board',0,'https://projectzip.s3.ap-northeast-2.amazonaws.com/profiles/m_9.png','2022-11-18 08:54:38'),(572,2,'이도엽님이 사진을 올렸습니다. 확인해보세요!','myapp://zip.com/board',0,'https://projectzip.s3.ap-northeast-2.amazonaws.com/profiles/m_9.png','2022-11-18 08:54:38'),(573,4,'이도엽님이 사진을 올렸습니다. 확인해보세요!','myapp://zip.com/board',0,'https://projectzip.s3.ap-northeast-2.amazonaws.com/profiles/m_9.png','2022-11-18 08:54:38'),(574,5,'이도엽님이 사진을 올렸습니다. 확인해보세요!','myapp://zip.com/board',0,'https://projectzip.s3.ap-northeast-2.amazonaws.com/profiles/m_9.png','2022-11-18 08:54:38'),(575,8,'이도엽님이 사진을 올렸습니다. 확인해보세요!','myapp://zip.com/board',0,'https://projectzip.s3.ap-northeast-2.amazonaws.com/profiles/m_9.png','2022-11-18 08:54:38'),(576,1,'이도엽님이 사진을 올렸습니다. 확인해보세요!','myapp://zip.com/board',0,'https://projectzip.s3.ap-northeast-2.amazonaws.com/profiles/m_9.png','2022-11-18 08:57:21'),(577,2,'이도엽님이 사진을 올렸습니다. 확인해보세요!','myapp://zip.com/board',0,'https://projectzip.s3.ap-northeast-2.amazonaws.com/profiles/m_9.png','2022-11-18 08:57:21'),(578,4,'이도엽님이 사진을 올렸습니다. 확인해보세요!','myapp://zip.com/board',0,'https://projectzip.s3.ap-northeast-2.amazonaws.com/profiles/m_9.png','2022-11-18 08:57:21'),(579,5,'이도엽님이 사진을 올렸습니다. 확인해보세요!','myapp://zip.com/board',0,'https://projectzip.s3.ap-northeast-2.amazonaws.com/profiles/m_9.png','2022-11-18 08:57:21'),(580,8,'이도엽님이 사진을 올렸습니다. 확인해보세요!','myapp://zip.com/board',0,'https://projectzip.s3.ap-northeast-2.amazonaws.com/profiles/m_9.png','2022-11-18 08:57:21'),(581,1,'이도엽님이 사진을 올렸습니다. 확인해보세요!','myapp://zip.com/board',0,'https://projectzip.s3.ap-northeast-2.amazonaws.com/profiles/m_9.png','2022-11-18 08:58:17'),(582,2,'이도엽님이 사진을 올렸습니다. 확인해보세요!','myapp://zip.com/board',0,'https://projectzip.s3.ap-northeast-2.amazonaws.com/profiles/m_9.png','2022-11-18 08:58:17'),(583,4,'이도엽님이 사진을 올렸습니다. 확인해보세요!','myapp://zip.com/board',0,'https://projectzip.s3.ap-northeast-2.amazonaws.com/profiles/m_9.png','2022-11-18 08:58:17'),(584,5,'이도엽님이 사진을 올렸습니다. 확인해보세요!','myapp://zip.com/board',0,'https://projectzip.s3.ap-northeast-2.amazonaws.com/profiles/m_9.png','2022-11-18 08:58:17'),(585,8,'이도엽님이 사진을 올렸습니다. 확인해보세요!','myapp://zip.com/board',0,'https://projectzip.s3.ap-northeast-2.amazonaws.com/profiles/m_9.png','2022-11-18 08:58:17'),(586,1,'이도엽님이 사진을 올렸습니다. 확인해보세요!','myapp://zip.com/board',0,'https://projectzip.s3.ap-northeast-2.amazonaws.com/profiles/m_9.png','2022-11-18 09:02:08'),(587,2,'이도엽님이 사진을 올렸습니다. 확인해보세요!','myapp://zip.com/board',0,'https://projectzip.s3.ap-northeast-2.amazonaws.com/profiles/m_9.png','2022-11-18 09:02:08'),(588,4,'이도엽님이 사진을 올렸습니다. 확인해보세요!','myapp://zip.com/board',0,'https://projectzip.s3.ap-northeast-2.amazonaws.com/profiles/m_9.png','2022-11-18 09:02:08'),(589,5,'이도엽님이 사진을 올렸습니다. 확인해보세요!','myapp://zip.com/board',0,'https://projectzip.s3.ap-northeast-2.amazonaws.com/profiles/m_9.png','2022-11-18 09:02:08'),(590,8,'이도엽님이 사진을 올렸습니다. 확인해보세요!','myapp://zip.com/board',0,'https://projectzip.s3.ap-northeast-2.amazonaws.com/profiles/m_9.png','2022-11-18 09:02:08'),(591,1,'이도엽님이 사진을 올렸습니다. 확인해보세요!','myapp://zip.com/board',0,'https://projectzip.s3.ap-northeast-2.amazonaws.com/profiles/m_9.png','2022-11-18 09:29:47'),(592,2,'이도엽님이 사진을 올렸습니다. 확인해보세요!','myapp://zip.com/board',0,'https://projectzip.s3.ap-northeast-2.amazonaws.com/profiles/m_9.png','2022-11-18 09:29:47'),(593,4,'이도엽님이 사진을 올렸습니다. 확인해보세요!','myapp://zip.com/board',0,'https://projectzip.s3.ap-northeast-2.amazonaws.com/profiles/m_9.png','2022-11-18 09:29:47'),(594,5,'이도엽님이 사진을 올렸습니다. 확인해보세요!','myapp://zip.com/board',0,'https://projectzip.s3.ap-northeast-2.amazonaws.com/profiles/m_9.png','2022-11-18 09:29:47'),(595,8,'이도엽님이 사진을 올렸습니다. 확인해보세요!','myapp://zip.com/board',0,'https://projectzip.s3.ap-northeast-2.amazonaws.com/profiles/m_9.png','2022-11-18 09:29:47'),(596,1,'이도엽님이 사진을 올렸습니다. 확인해보세요!','myapp://zip.com/board',0,'https://projectzip.s3.ap-northeast-2.amazonaws.com/profiles/m_9.png','2022-11-18 09:31:00'),(597,2,'이도엽님이 사진을 올렸습니다. 확인해보세요!','myapp://zip.com/board',0,'https://projectzip.s3.ap-northeast-2.amazonaws.com/profiles/m_9.png','2022-11-18 09:31:00'),(598,4,'이도엽님이 사진을 올렸습니다. 확인해보세요!','myapp://zip.com/board',0,'https://projectzip.s3.ap-northeast-2.amazonaws.com/profiles/m_9.png','2022-11-18 09:31:00'),(599,5,'이도엽님이 사진을 올렸습니다. 확인해보세요!','myapp://zip.com/board',0,'https://projectzip.s3.ap-northeast-2.amazonaws.com/profiles/m_9.png','2022-11-18 09:31:00'),(600,8,'이도엽님이 사진을 올렸습니다. 확인해보세요!','myapp://zip.com/board',0,'https://projectzip.s3.ap-northeast-2.amazonaws.com/profiles/m_9.png','2022-11-18 09:31:00'),(601,1,'이도엽님이 사진을 올렸습니다. 확인해보세요!','myapp://zip.com/board',0,'https://projectzip.s3.ap-northeast-2.amazonaws.com/profiles/m_9.png','2022-11-18 09:42:50'),(602,2,'이도엽님이 사진을 올렸습니다. 확인해보세요!','myapp://zip.com/board',0,'https://projectzip.s3.ap-northeast-2.amazonaws.com/profiles/m_9.png','2022-11-18 09:42:50'),(603,4,'이도엽님이 사진을 올렸습니다. 확인해보세요!','myapp://zip.com/board',0,'https://projectzip.s3.ap-northeast-2.amazonaws.com/profiles/m_9.png','2022-11-18 09:42:50'),(604,5,'이도엽님이 사진을 올렸습니다. 확인해보세요!','myapp://zip.com/board',0,'https://projectzip.s3.ap-northeast-2.amazonaws.com/profiles/m_9.png','2022-11-18 09:42:50'),(605,8,'이도엽님이 사진을 올렸습니다. 확인해보세요!','myapp://zip.com/board',0,'https://projectzip.s3.ap-northeast-2.amazonaws.com/profiles/m_9.png','2022-11-18 09:42:50'),(606,1,'이도엽님이 사진을 올렸습니다. 확인해보세요!','myapp://zip.com/board',0,'https://projectzip.s3.ap-northeast-2.amazonaws.com/profiles/m_9.png','2022-11-18 09:43:18'),(607,2,'이도엽님이 사진을 올렸습니다. 확인해보세요!','myapp://zip.com/board',0,'https://projectzip.s3.ap-northeast-2.amazonaws.com/profiles/m_9.png','2022-11-18 09:43:18'),(608,4,'이도엽님이 사진을 올렸습니다. 확인해보세요!','myapp://zip.com/board',0,'https://projectzip.s3.ap-northeast-2.amazonaws.com/profiles/m_9.png','2022-11-18 09:43:18'),(609,5,'이도엽님이 사진을 올렸습니다. 확인해보세요!','myapp://zip.com/board',0,'https://projectzip.s3.ap-northeast-2.amazonaws.com/profiles/m_9.png','2022-11-18 09:43:18'),(610,8,'이도엽님이 사진을 올렸습니다. 확인해보세요!','myapp://zip.com/board',0,'https://projectzip.s3.ap-northeast-2.amazonaws.com/profiles/m_9.png','2022-11-18 09:43:18'),(611,7,'테스트2님이 가족이 되었습니다. 확인해보세요!','myapp://zip.com/home',0,'https://projectzip.s3.ap-northeast-2.amazonaws.com/profiles/f_2.png','2022-11-18 10:02:39'),(612,9,'테스트2님이 가족이 되었습니다. 확인해보세요!','myapp://zip.com/home',0,'https://projectzip.s3.ap-northeast-2.amazonaws.com/profiles/f_2.png','2022-11-18 10:02:39'),(613,14,'테스트2님이 사진을 올렸습니다. 확인해보세요!','myapp://zip.com/board',0,'https://projectzip.s3.ap-northeast-2.amazonaws.com/profiles/f_2.png','2022-11-18 10:03:32'),(614,14,'테스트2님이 사진을 올렸습니다. 확인해보세요!','myapp://zip.com/board',0,'https://projectzip.s3.ap-northeast-2.amazonaws.com/profiles/f_2.png','2022-11-18 10:04:32'),(616,10,'아빠님이 사진을 올렸습니다. 확인해보세요!','myapp://zip.com/board',0,'https://projectzip.s3.ap-northeast-2.amazonaws.com/profiles/m_12.png','2022-11-18 13:23:39'),(617,11,'아빠님이 사진을 올렸습니다. 확인해보세요!','myapp://zip.com/board',1,'https://projectzip.s3.ap-northeast-2.amazonaws.com/profiles/m_12.png','2022-11-18 13:23:39'),(618,13,'아빠님이 사진을 올렸습니다. 확인해보세요!','myapp://zip.com/board',1,'https://projectzip.s3.ap-northeast-2.amazonaws.com/profiles/m_12.png','2022-11-18 13:23:39'),(619,10,'민균파더님이 사진을 올렸습니다. 확인해보세요!','myapp://zip.com/board',0,'https://projectzip.s3.ap-northeast-2.amazonaws.com/profiles/m_12.png','2022-11-18 13:23:49'),(620,11,'민균파더님이 사진을 올렸습니다. 확인해보세요!','myapp://zip.com/board',1,'https://projectzip.s3.ap-northeast-2.amazonaws.com/profiles/m_12.png','2022-11-18 13:23:49'),(621,13,'민균파더님이 사진을 올렸습니다. 확인해보세요!','myapp://zip.com/board',1,'https://projectzip.s3.ap-northeast-2.amazonaws.com/profiles/m_12.png','2022-11-18 13:23:49'),(622,10,'민균파더님이 사진을 올렸습니다. 확인해보세요!','myapp://zip.com/board',0,'https://projectzip.s3.ap-northeast-2.amazonaws.com/profiles/m_12.png','2022-11-18 13:24:42'),(623,11,'민균파더님이 사진을 올렸습니다. 확인해보세요!','myapp://zip.com/board',1,'https://projectzip.s3.ap-northeast-2.amazonaws.com/profiles/m_12.png','2022-11-18 13:24:42'),(624,13,'민균파더님이 사진을 올렸습니다. 확인해보세요!','myapp://zip.com/board',1,'https://projectzip.s3.ap-northeast-2.amazonaws.com/profiles/m_12.png','2022-11-18 13:24:42'),(625,10,'민균파더님이 사진을 올렸습니다. 확인해보세요!','myapp://zip.com/board',0,'https://projectzip.s3.ap-northeast-2.amazonaws.com/profiles/m_12.png','2022-11-18 13:24:48'),(626,11,'민균파더님이 사진을 올렸습니다. 확인해보세요!','myapp://zip.com/board',1,'https://projectzip.s3.ap-northeast-2.amazonaws.com/profiles/m_12.png','2022-11-18 13:24:48'),(627,13,'민균파더님이 사진을 올렸습니다. 확인해보세요!','myapp://zip.com/board',1,'https://projectzip.s3.ap-northeast-2.amazonaws.com/profiles/m_12.png','2022-11-18 13:24:48'),(628,10,'민균파더님이 사진을 올렸습니다. 확인해보세요!','myapp://zip.com/board',0,'https://projectzip.s3.ap-northeast-2.amazonaws.com/profiles/m_12.png','2022-11-18 13:25:13'),(629,11,'민균파더님이 사진을 올렸습니다. 확인해보세요!','myapp://zip.com/board',1,'https://projectzip.s3.ap-northeast-2.amazonaws.com/profiles/m_12.png','2022-11-18 13:25:13'),(630,13,'민균파더님이 사진을 올렸습니다. 확인해보세요!','myapp://zip.com/board',1,'https://projectzip.s3.ap-northeast-2.amazonaws.com/profiles/m_12.png','2022-11-18 13:25:13'),(631,10,'민균파더님이 사진을 올렸습니다. 확인해보세요!','myapp://zip.com/board',0,'https://projectzip.s3.ap-northeast-2.amazonaws.com/profiles/m_12.png','2022-11-18 13:25:22'),(632,11,'민균파더님이 사진을 올렸습니다. 확인해보세요!','myapp://zip.com/board',1,'https://projectzip.s3.ap-northeast-2.amazonaws.com/profiles/m_12.png','2022-11-18 13:25:22'),(633,13,'민균파더님이 사진을 올렸습니다. 확인해보세요!','myapp://zip.com/board',1,'https://projectzip.s3.ap-northeast-2.amazonaws.com/profiles/m_12.png','2022-11-18 13:25:22'),(634,15,'테스트1님이 사진을 올렸습니다. 확인해보세요!','myapp://zip.com/board',0,'https://projectzip.s3.ap-northeast-2.amazonaws.com/profiles/f_2.png','2022-11-18 13:28:59'),(635,15,'테스트1님이 사진을 올렸습니다. 확인해보세요!','myapp://zip.com/board',0,'https://projectzip.s3.ap-northeast-2.amazonaws.com/profiles/f_2.png','2022-11-18 13:29:05'),(636,15,'테스트1님이 사진을 올렸습니다. 확인해보세요!','myapp://zip.com/board',0,'https://projectzip.s3.ap-northeast-2.amazonaws.com/profiles/f_2.png','2022-11-18 13:29:25'),(637,15,'테스트1님이 사진을 올렸습니다. 확인해보세요!','myapp://zip.com/board',0,'https://projectzip.s3.ap-northeast-2.amazonaws.com/profiles/f_2.png','2022-11-18 13:29:34'),(638,15,'테스트1님이 사진을 올렸습니다. 확인해보세요!','myapp://zip.com/board',0,'https://projectzip.s3.ap-northeast-2.amazonaws.com/profiles/f_2.png','2022-11-18 13:29:54'),(639,7,'엄마님이 가족이 되었습니다. 확인해보세요!','myapp://zip.com/home',0,'https://projectzip.s3.ap-northeast-2.amazonaws.com/profiles/f_2.png','2022-11-18 13:32:29'),(640,9,'엄마님이 가족이 되었습니다. 확인해보세요!','myapp://zip.com/home',0,'https://projectzip.s3.ap-northeast-2.amazonaws.com/profiles/f_2.png','2022-11-18 13:32:29'),(641,18,'엄마님이 가족이 되었습니다. 확인해보세요!','myapp://zip.com/home',0,'https://projectzip.s3.ap-northeast-2.amazonaws.com/profiles/f_2.png','2022-11-18 13:32:29'),(642,19,'엄마님이 가족이 되었습니다. 확인해보세요!','myapp://zip.com/home',0,'https://projectzip.s3.ap-northeast-2.amazonaws.com/profiles/f_2.png','2022-11-18 13:32:29'),(643,20,'엄마님이 가족이 되었습니다. 확인해보세요!','myapp://zip.com/home',0,'https://projectzip.s3.ap-northeast-2.amazonaws.com/profiles/f_2.png','2022-11-18 13:32:29'),(644,21,'엄마님이 가족이 되었습니다. 확인해보세요!','myapp://zip.com/home',0,'https://projectzip.s3.ap-northeast-2.amazonaws.com/profiles/f_2.png','2022-11-18 13:32:29'),(645,7,'아들님이 가족이 되었습니다. 확인해보세요!','myapp://zip.com/home',0,'https://projectzip.s3.ap-northeast-2.amazonaws.com/profiles/m_3.png','2022-11-18 13:33:37'),(646,9,'아들님이 가족이 되었습니다. 확인해보세요!','myapp://zip.com/home',0,'https://projectzip.s3.ap-northeast-2.amazonaws.com/profiles/m_3.png','2022-11-18 13:33:37'),(647,19,'아들님이 가족이 되었습니다. 확인해보세요!','myapp://zip.com/home',0,'https://projectzip.s3.ap-northeast-2.amazonaws.com/profiles/m_3.png','2022-11-18 13:33:37'),(648,20,'아들님이 가족이 되었습니다. 확인해보세요!','myapp://zip.com/home',0,'https://projectzip.s3.ap-northeast-2.amazonaws.com/profiles/m_3.png','2022-11-18 13:33:37'),(649,21,'아들님이 가족이 되었습니다. 확인해보세요!','myapp://zip.com/home',0,'https://projectzip.s3.ap-northeast-2.amazonaws.com/profiles/m_3.png','2022-11-18 13:33:37'),(650,7,'MC님이 가족이 되었습니다. 확인해보세요!','myapp://zip.com/home',0,'https://projectzip.s3.ap-northeast-2.amazonaws.com/profiles/f_4.png','2022-11-18 13:34:04'),(651,9,'MC님이 가족이 되었습니다. 확인해보세요!','myapp://zip.com/home',0,'https://projectzip.s3.ap-northeast-2.amazonaws.com/profiles/f_4.png','2022-11-18 13:34:04'),(652,20,'MC님이 가족이 되었습니다. 확인해보세요!','myapp://zip.com/home',0,'https://projectzip.s3.ap-northeast-2.amazonaws.com/profiles/f_4.png','2022-11-18 13:34:04'),(653,21,'MC님이 가족이 되었습니다. 확인해보세요!','myapp://zip.com/home',0,'https://projectzip.s3.ap-northeast-2.amazonaws.com/profiles/f_4.png','2022-11-18 13:34:04'),(654,7,'박사님님이 가족이 되었습니다. 확인해보세요!','myapp://zip.com/home',0,'https://projectzip.s3.ap-northeast-2.amazonaws.com/profiles/f_1.png','2022-11-18 13:34:21'),(655,9,'박사님님이 가족이 되었습니다. 확인해보세요!','myapp://zip.com/home',0,'https://projectzip.s3.ap-northeast-2.amazonaws.com/profiles/f_1.png','2022-11-18 13:34:21'),(656,21,'박사님님이 가족이 되었습니다. 확인해보세요!','myapp://zip.com/home',0,'https://projectzip.s3.ap-northeast-2.amazonaws.com/profiles/f_1.png','2022-11-18 13:34:21'),(657,7,'아빠님이 가족이 되었습니다. 확인해보세요!','myapp://zip.com/home',0,'https://projectzip.s3.ap-northeast-2.amazonaws.com/profiles/m_12.png','2022-11-18 13:34:38'),(658,9,'아빠님이 가족이 되었습니다. 확인해보세요!','myapp://zip.com/home',0,'https://projectzip.s3.ap-northeast-2.amazonaws.com/profiles/m_12.png','2022-11-18 13:34:38'),(659,17,'딸님이 사진을 올렸습니다. 확인해보세요!','myapp://zip.com/board',0,'https://projectzip.s3.ap-northeast-2.amazonaws.com/profiles/m_4.png','2022-11-18 13:36:02'),(660,18,'딸님이 사진을 올렸습니다. 확인해보세요!','myapp://zip.com/board',0,'https://projectzip.s3.ap-northeast-2.amazonaws.com/profiles/m_4.png','2022-11-18 13:36:02'),(661,19,'딸님이 사진을 올렸습니다. 확인해보세요!','myapp://zip.com/board',0,'https://projectzip.s3.ap-northeast-2.amazonaws.com/profiles/m_4.png','2022-11-18 13:36:02'),(662,20,'딸님이 사진을 올렸습니다. 확인해보세요!','myapp://zip.com/board',0,'https://projectzip.s3.ap-northeast-2.amazonaws.com/profiles/m_4.png','2022-11-18 13:36:02'),(663,21,'딸님이 사진을 올렸습니다. 확인해보세요!','myapp://zip.com/board',0,'https://projectzip.s3.ap-northeast-2.amazonaws.com/profiles/m_4.png','2022-11-18 13:36:02'),(664,17,'딸님이 사진을 올렸습니다. 확인해보세요!','myapp://zip.com/board',0,'https://projectzip.s3.ap-northeast-2.amazonaws.com/profiles/m_4.png','2022-11-18 13:36:07'),(665,18,'딸님이 사진을 올렸습니다. 확인해보세요!','myapp://zip.com/board',0,'https://projectzip.s3.ap-northeast-2.amazonaws.com/profiles/m_4.png','2022-11-18 13:36:07'),(666,19,'딸님이 사진을 올렸습니다. 확인해보세요!','myapp://zip.com/board',0,'https://projectzip.s3.ap-northeast-2.amazonaws.com/profiles/m_4.png','2022-11-18 13:36:07'),(667,20,'딸님이 사진을 올렸습니다. 확인해보세요!','myapp://zip.com/board',0,'https://projectzip.s3.ap-northeast-2.amazonaws.com/profiles/m_4.png','2022-11-18 13:36:07'),(668,21,'딸님이 사진을 올렸습니다. 확인해보세요!','myapp://zip.com/board',0,'https://projectzip.s3.ap-northeast-2.amazonaws.com/profiles/m_4.png','2022-11-18 13:36:07'),(669,17,'딸님이 사진을 올렸습니다. 확인해보세요!','myapp://zip.com/board',0,'https://projectzip.s3.ap-northeast-2.amazonaws.com/profiles/m_4.png','2022-11-18 13:36:28'),(670,18,'딸님이 사진을 올렸습니다. 확인해보세요!','myapp://zip.com/board',0,'https://projectzip.s3.ap-northeast-2.amazonaws.com/profiles/m_4.png','2022-11-18 13:36:28'),(671,19,'딸님이 사진을 올렸습니다. 확인해보세요!','myapp://zip.com/board',0,'https://projectzip.s3.ap-northeast-2.amazonaws.com/profiles/m_4.png','2022-11-18 13:36:28'),(672,20,'딸님이 사진을 올렸습니다. 확인해보세요!','myapp://zip.com/board',0,'https://projectzip.s3.ap-northeast-2.amazonaws.com/profiles/m_4.png','2022-11-18 13:36:28'),(673,21,'딸님이 사진을 올렸습니다. 확인해보세요!','myapp://zip.com/board',0,'https://projectzip.s3.ap-northeast-2.amazonaws.com/profiles/m_4.png','2022-11-18 13:36:28'),(674,17,'딸님이 사진을 올렸습니다. 확인해보세요!','myapp://zip.com/board',0,'https://projectzip.s3.ap-northeast-2.amazonaws.com/profiles/m_4.png','2022-11-18 13:36:33'),(675,18,'딸님이 사진을 올렸습니다. 확인해보세요!','myapp://zip.com/board',0,'https://projectzip.s3.ap-northeast-2.amazonaws.com/profiles/m_4.png','2022-11-18 13:36:33'),(676,19,'딸님이 사진을 올렸습니다. 확인해보세요!','myapp://zip.com/board',0,'https://projectzip.s3.ap-northeast-2.amazonaws.com/profiles/m_4.png','2022-11-18 13:36:33'),(677,20,'딸님이 사진을 올렸습니다. 확인해보세요!','myapp://zip.com/board',0,'https://projectzip.s3.ap-northeast-2.amazonaws.com/profiles/m_4.png','2022-11-18 13:36:33'),(678,21,'딸님이 사진을 올렸습니다. 확인해보세요!','myapp://zip.com/board',0,'https://projectzip.s3.ap-northeast-2.amazonaws.com/profiles/m_4.png','2022-11-18 13:36:33'),(679,17,'딸님이 사진을 올렸습니다. 확인해보세요!','myapp://zip.com/board',0,'https://projectzip.s3.ap-northeast-2.amazonaws.com/profiles/m_4.png','2022-11-18 13:36:55'),(680,18,'딸님이 사진을 올렸습니다. 확인해보세요!','myapp://zip.com/board',0,'https://projectzip.s3.ap-northeast-2.amazonaws.com/profiles/m_4.png','2022-11-18 13:36:55'),(681,19,'딸님이 사진을 올렸습니다. 확인해보세요!','myapp://zip.com/board',0,'https://projectzip.s3.ap-northeast-2.amazonaws.com/profiles/m_4.png','2022-11-18 13:36:55'),(682,20,'딸님이 사진을 올렸습니다. 확인해보세요!','myapp://zip.com/board',0,'https://projectzip.s3.ap-northeast-2.amazonaws.com/profiles/m_4.png','2022-11-18 13:36:55'),(683,21,'딸님이 사진을 올렸습니다. 확인해보세요!','myapp://zip.com/board',0,'https://projectzip.s3.ap-northeast-2.amazonaws.com/profiles/m_4.png','2022-11-18 13:36:55'),(684,16,'엄마님이 오늘의 백문백답을 등록했습니다. 확인해보세요!','myapp://zip.com/qna/1',0,'https://projectzip.s3.ap-northeast-2.amazonaws.com/profiles/f_2.png','2022-11-18 13:38:56'),(685,18,'엄마님이 오늘의 백문백답을 등록했습니다. 확인해보세요!','myapp://zip.com/qna/1',0,'https://projectzip.s3.ap-northeast-2.amazonaws.com/profiles/f_2.png','2022-11-18 13:38:56'),(686,19,'엄마님이 오늘의 백문백답을 등록했습니다. 확인해보세요!','myapp://zip.com/qna/1',0,'https://projectzip.s3.ap-northeast-2.amazonaws.com/profiles/f_2.png','2022-11-18 13:38:56'),(687,20,'엄마님이 오늘의 백문백답을 등록했습니다. 확인해보세요!','myapp://zip.com/qna/1',0,'https://projectzip.s3.ap-northeast-2.amazonaws.com/profiles/f_2.png','2022-11-18 13:38:56'),(688,21,'엄마님이 오늘의 백문백답을 등록했습니다. 확인해보세요!','myapp://zip.com/qna/1',0,'https://projectzip.s3.ap-northeast-2.amazonaws.com/profiles/f_2.png','2022-11-18 13:38:56'),(690,16,'엄마님이 함께하는 일정을 등록했습니다. 확인해보세요!','myapp://zip.com/calendar',0,'https://projectzip.s3.ap-northeast-2.amazonaws.com/profiles/f_2.png','2022-11-18 13:40:27'),(691,18,'엄마님이 함께하는 일정을 등록했습니다. 확인해보세요!','myapp://zip.com/calendar',0,'https://projectzip.s3.ap-northeast-2.amazonaws.com/profiles/f_2.png','2022-11-18 13:40:27'),(692,19,'엄마님이 함께하는 일정을 등록했습니다. 확인해보세요!','myapp://zip.com/calendar',0,'https://projectzip.s3.ap-northeast-2.amazonaws.com/profiles/f_2.png','2022-11-18 13:40:27'),(693,20,'엄마님이 함께하는 일정을 등록했습니다. 확인해보세요!','myapp://zip.com/calendar',0,'https://projectzip.s3.ap-northeast-2.amazonaws.com/profiles/f_2.png','2022-11-18 13:40:27'),(694,21,'엄마님이 함께하는 일정을 등록했습니다. 확인해보세요!','myapp://zip.com/calendar',0,'https://projectzip.s3.ap-northeast-2.amazonaws.com/profiles/f_2.png','2022-11-18 13:40:27'),(695,16,'재순님이 오늘의 백문백답을 등록했습니다. 확인해보세요!','myapp://zip.com/qna/1',0,'https://projectzip.s3.ap-northeast-2.amazonaws.com/profiles/m_3.png','2022-11-18 13:43:47'),(696,17,'재순님이 오늘의 백문백답을 등록했습니다. 확인해보세요!','myapp://zip.com/qna/1',0,'https://projectzip.s3.ap-northeast-2.amazonaws.com/profiles/m_3.png','2022-11-18 13:43:47'),(697,19,'재순님이 오늘의 백문백답을 등록했습니다. 확인해보세요!','myapp://zip.com/qna/1',0,'https://projectzip.s3.ap-northeast-2.amazonaws.com/profiles/m_3.png','2022-11-18 13:43:47'),(698,20,'재순님이 오늘의 백문백답을 등록했습니다. 확인해보세요!','myapp://zip.com/qna/1',0,'https://projectzip.s3.ap-northeast-2.amazonaws.com/profiles/m_3.png','2022-11-18 13:43:47'),(699,21,'재순님이 오늘의 백문백답을 등록했습니다. 확인해보세요!','myapp://zip.com/qna/1',0,'https://projectzip.s3.ap-northeast-2.amazonaws.com/profiles/m_3.png','2022-11-18 13:43:47'),(700,17,'승연님이 사진을 올렸습니다. 확인해보세요!','myapp://zip.com/board',0,'https://projectzip.s3.ap-northeast-2.amazonaws.com/profiles/f_7.png','2022-11-18 13:44:34'),(701,18,'승연님이 사진을 올렸습니다. 확인해보세요!','myapp://zip.com/board',0,'https://projectzip.s3.ap-northeast-2.amazonaws.com/profiles/f_7.png','2022-11-18 13:44:34'),(702,19,'승연님이 사진을 올렸습니다. 확인해보세요!','myapp://zip.com/board',0,'https://projectzip.s3.ap-northeast-2.amazonaws.com/profiles/f_7.png','2022-11-18 13:44:34'),(703,20,'승연님이 사진을 올렸습니다. 확인해보세요!','myapp://zip.com/board',0,'https://projectzip.s3.ap-northeast-2.amazonaws.com/profiles/f_7.png','2022-11-18 13:44:34'),(704,21,'승연님이 사진을 올렸습니다. 확인해보세요!','myapp://zip.com/board',0,'https://projectzip.s3.ap-northeast-2.amazonaws.com/profiles/f_7.png','2022-11-18 13:44:34'),(705,16,'보나님이 오늘의 백문백답을 등록했습니다. 확인해보세요!','myapp://zip.com/qna/1',0,'https://projectzip.s3.ap-northeast-2.amazonaws.com/profiles/f_4.png','2022-11-18 13:45:38'),(706,17,'보나님이 오늘의 백문백답을 등록했습니다. 확인해보세요!','myapp://zip.com/qna/1',0,'https://projectzip.s3.ap-northeast-2.amazonaws.com/profiles/f_4.png','2022-11-18 13:45:38'),(707,18,'보나님이 오늘의 백문백답을 등록했습니다. 확인해보세요!','myapp://zip.com/qna/1',0,'https://projectzip.s3.ap-northeast-2.amazonaws.com/profiles/f_4.png','2022-11-18 13:45:38'),(708,20,'보나님이 오늘의 백문백답을 등록했습니다. 확인해보세요!','myapp://zip.com/qna/1',0,'https://projectzip.s3.ap-northeast-2.amazonaws.com/profiles/f_4.png','2022-11-18 13:45:38'),(709,21,'보나님이 오늘의 백문백답을 등록했습니다. 확인해보세요!','myapp://zip.com/qna/1',0,'https://projectzip.s3.ap-northeast-2.amazonaws.com/profiles/f_4.png','2022-11-18 13:45:38'),(716,16,'현수님이 게시글을 등록했습니다. 확인해보세요!','myapp://zip.com/board/14',0,'https://projectzip.s3.ap-northeast-2.amazonaws.com/profiles/m_12.png','2022-11-18 13:49:54'),(717,17,'현수님이 게시글을 등록했습니다. 확인해보세요!','myapp://zip.com/board/14',0,'https://projectzip.s3.ap-northeast-2.amazonaws.com/profiles/m_12.png','2022-11-18 13:49:54'),(718,18,'현수님이 게시글을 등록했습니다. 확인해보세요!','myapp://zip.com/board/14',0,'https://projectzip.s3.ap-northeast-2.amazonaws.com/profiles/m_12.png','2022-11-18 13:49:54'),(719,19,'현수님이 게시글을 등록했습니다. 확인해보세요!','myapp://zip.com/board/14',0,'https://projectzip.s3.ap-northeast-2.amazonaws.com/profiles/m_12.png','2022-11-18 13:49:54'),(720,20,'현수님이 게시글을 등록했습니다. 확인해보세요!','myapp://zip.com/board/14',0,'https://projectzip.s3.ap-northeast-2.amazonaws.com/profiles/m_12.png','2022-11-18 13:49:54'),(721,16,'보나님이 게시글을 등록했습니다. 확인해보세요!','myapp://zip.com/board/15',0,'https://projectzip.s3.ap-northeast-2.amazonaws.com/profiles/f_4.png','2022-11-18 13:51:01'),(722,17,'보나님이 게시글을 등록했습니다. 확인해보세요!','myapp://zip.com/board/15',0,'https://projectzip.s3.ap-northeast-2.amazonaws.com/profiles/f_4.png','2022-11-18 13:51:01'),(723,18,'보나님이 게시글을 등록했습니다. 확인해보세요!','myapp://zip.com/board/15',0,'https://projectzip.s3.ap-northeast-2.amazonaws.com/profiles/f_4.png','2022-11-18 13:51:01'),(724,20,'보나님이 게시글을 등록했습니다. 확인해보세요!','myapp://zip.com/board/15',0,'https://projectzip.s3.ap-northeast-2.amazonaws.com/profiles/f_4.png','2022-11-18 13:51:01'),(725,21,'보나님이 게시글을 등록했습니다. 확인해보세요!','myapp://zip.com/board/15',0,'https://projectzip.s3.ap-northeast-2.amazonaws.com/profiles/f_4.png','2022-11-18 13:51:01'),(726,16,'재순님이 게시글을 등록했습니다. 확인해보세요!','myapp://zip.com/board/16',0,'https://projectzip.s3.ap-northeast-2.amazonaws.com/profiles/m_3.png','2022-11-18 13:52:32'),(727,17,'재순님이 게시글을 등록했습니다. 확인해보세요!','myapp://zip.com/board/16',0,'https://projectzip.s3.ap-northeast-2.amazonaws.com/profiles/m_3.png','2022-11-18 13:52:32'),(728,19,'재순님이 게시글을 등록했습니다. 확인해보세요!','myapp://zip.com/board/16',0,'https://projectzip.s3.ap-northeast-2.amazonaws.com/profiles/m_3.png','2022-11-18 13:52:32'),(729,20,'재순님이 게시글을 등록했습니다. 확인해보세요!','myapp://zip.com/board/16',0,'https://projectzip.s3.ap-northeast-2.amazonaws.com/profiles/m_3.png','2022-11-18 13:52:32'),(730,21,'재순님이 게시글을 등록했습니다. 확인해보세요!','myapp://zip.com/board/16',0,'https://projectzip.s3.ap-northeast-2.amazonaws.com/profiles/m_3.png','2022-11-18 13:52:32'),(731,16,'민균님이 게시글을 등록했습니다. 확인해보세요!','myapp://zip.com/board/17',0,'https://projectzip.s3.ap-northeast-2.amazonaws.com/profiles/f_1.png','2022-11-18 13:53:14'),(732,17,'민균님이 게시글을 등록했습니다. 확인해보세요!','myapp://zip.com/board/17',0,'https://projectzip.s3.ap-northeast-2.amazonaws.com/profiles/f_1.png','2022-11-18 13:53:14'),(733,18,'민균님이 게시글을 등록했습니다. 확인해보세요!','myapp://zip.com/board/17',0,'https://projectzip.s3.ap-northeast-2.amazonaws.com/profiles/f_1.png','2022-11-18 13:53:14'),(734,19,'민균님이 게시글을 등록했습니다. 확인해보세요!','myapp://zip.com/board/17',0,'https://projectzip.s3.ap-northeast-2.amazonaws.com/profiles/f_1.png','2022-11-18 13:53:14'),(735,21,'민균님이 게시글을 등록했습니다. 확인해보세요!','myapp://zip.com/board/17',0,'https://projectzip.s3.ap-northeast-2.amazonaws.com/profiles/f_1.png','2022-11-18 13:53:14'),(740,17,'승연님이 사진을 올렸습니다. 확인해보세요!','myapp://zip.com/board',0,'https://projectzip.s3.ap-northeast-2.amazonaws.com/profiles/f_7.png','2022-11-18 14:11:19'),(741,18,'승연님이 사진을 올렸습니다. 확인해보세요!','myapp://zip.com/board',0,'https://projectzip.s3.ap-northeast-2.amazonaws.com/profiles/f_7.png','2022-11-18 14:11:19'),(742,19,'승연님이 사진을 올렸습니다. 확인해보세요!','myapp://zip.com/board',0,'https://projectzip.s3.ap-northeast-2.amazonaws.com/profiles/f_7.png','2022-11-18 14:11:19'),(743,20,'승연님이 사진을 올렸습니다. 확인해보세요!','myapp://zip.com/board',0,'https://projectzip.s3.ap-northeast-2.amazonaws.com/profiles/f_7.png','2022-11-18 14:11:19'),(744,21,'승연님이 사진을 올렸습니다. 확인해보세요!','myapp://zip.com/board',0,'https://projectzip.s3.ap-northeast-2.amazonaws.com/profiles/f_7.png','2022-11-18 14:11:19'),(745,17,'승연님이 오늘의 백문백답을 등록했습니다. 확인해보세요!','myapp://zip.com/qna/1',0,'https://projectzip.s3.ap-northeast-2.amazonaws.com/profiles/f_7.png','2022-11-18 14:12:10'),(746,18,'승연님이 오늘의 백문백답을 등록했습니다. 확인해보세요!','myapp://zip.com/qna/1',0,'https://projectzip.s3.ap-northeast-2.amazonaws.com/profiles/f_7.png','2022-11-18 14:12:10'),(747,19,'승연님이 오늘의 백문백답을 등록했습니다. 확인해보세요!','myapp://zip.com/qna/1',0,'https://projectzip.s3.ap-northeast-2.amazonaws.com/profiles/f_7.png','2022-11-18 14:12:10'),(748,20,'승연님이 오늘의 백문백답을 등록했습니다. 확인해보세요!','myapp://zip.com/qna/1',0,'https://projectzip.s3.ap-northeast-2.amazonaws.com/profiles/f_7.png','2022-11-18 14:12:10'),(749,21,'승연님이 오늘의 백문백답을 등록했습니다. 확인해보세요!','myapp://zip.com/qna/1',0,'https://projectzip.s3.ap-northeast-2.amazonaws.com/profiles/f_7.png','2022-11-18 14:12:10'),(750,16,'민균님이 오늘의 백문백답을 등록했습니다. 확인해보세요!','myapp://zip.com/qna/1',0,'https://projectzip.s3.ap-northeast-2.amazonaws.com/profiles/f_1.png','2022-11-18 14:12:19'),(751,17,'민균님이 오늘의 백문백답을 등록했습니다. 확인해보세요!','myapp://zip.com/qna/1',0,'https://projectzip.s3.ap-northeast-2.amazonaws.com/profiles/f_1.png','2022-11-18 14:12:19'),(752,18,'민균님이 오늘의 백문백답을 등록했습니다. 확인해보세요!','myapp://zip.com/qna/1',0,'https://projectzip.s3.ap-northeast-2.amazonaws.com/profiles/f_1.png','2022-11-18 14:12:19'),(753,19,'민균님이 오늘의 백문백답을 등록했습니다. 확인해보세요!','myapp://zip.com/qna/1',0,'https://projectzip.s3.ap-northeast-2.amazonaws.com/profiles/f_1.png','2022-11-18 14:12:19'),(754,21,'민균님이 오늘의 백문백답을 등록했습니다. 확인해보세요!','myapp://zip.com/qna/1',0,'https://projectzip.s3.ap-northeast-2.amazonaws.com/profiles/f_1.png','2022-11-18 14:12:19'),(765,11,'아들님이 사진을 올렸습니다. 확인해보세요!','myapp://zip.com/board',1,'https://projectzip.s3.ap-northeast-2.amazonaws.com/profiles/m_9.png','2022-11-18 16:14:20'),(766,12,'아들님이 사진을 올렸습니다. 확인해보세요!','myapp://zip.com/board',0,'https://projectzip.s3.ap-northeast-2.amazonaws.com/profiles/m_9.png','2022-11-18 16:14:20'),(767,13,'아들님이 사진을 올렸습니다. 확인해보세요!','myapp://zip.com/board',1,'https://projectzip.s3.ap-northeast-2.amazonaws.com/profiles/m_9.png','2022-11-18 16:14:20'),(768,10,'엄마님이 사진을 올렸습니다. 확인해보세요!','myapp://zip.com/board',0,'https://projectzip.s3.ap-northeast-2.amazonaws.com/profiles/f_2.png','2022-11-18 16:22:58'),(769,11,'엄마님이 사진을 올렸습니다. 확인해보세요!','myapp://zip.com/board',1,'https://projectzip.s3.ap-northeast-2.amazonaws.com/profiles/f_2.png','2022-11-18 16:22:58'),(770,12,'엄마님이 사진을 올렸습니다. 확인해보세요!','myapp://zip.com/board',0,'https://projectzip.s3.ap-northeast-2.amazonaws.com/profiles/f_2.png','2022-11-18 16:22:58'),(771,10,'엄마님이 사진을 올렸습니다. 확인해보세요!','myapp://zip.com/board',0,'https://projectzip.s3.ap-northeast-2.amazonaws.com/profiles/f_2.png','2022-11-18 16:24:54'),(772,11,'엄마님이 사진을 올렸습니다. 확인해보세요!','myapp://zip.com/board',1,'https://projectzip.s3.ap-northeast-2.amazonaws.com/profiles/f_2.png','2022-11-18 16:24:54'),(773,12,'엄마님이 사진을 올렸습니다. 확인해보세요!','myapp://zip.com/board',0,'https://projectzip.s3.ap-northeast-2.amazonaws.com/profiles/f_2.png','2022-11-18 16:24:54'),(774,10,'엄마님이 사진을 올렸습니다. 확인해보세요!','myapp://zip.com/board',0,'https://projectzip.s3.ap-northeast-2.amazonaws.com/profiles/f_2.png','2022-11-18 16:24:59'),(775,11,'엄마님이 사진을 올렸습니다. 확인해보세요!','myapp://zip.com/board',1,'https://projectzip.s3.ap-northeast-2.amazonaws.com/profiles/f_2.png','2022-11-18 16:24:59'),(776,12,'엄마님이 사진을 올렸습니다. 확인해보세요!','myapp://zip.com/board',0,'https://projectzip.s3.ap-northeast-2.amazonaws.com/profiles/f_2.png','2022-11-18 16:24:59'),(777,11,'아들님이 사진을 올렸습니다. 확인해보세요!','myapp://zip.com/board',1,'https://projectzip.s3.ap-northeast-2.amazonaws.com/profiles/m_9.png','2022-11-18 16:31:59'),(778,12,'아들님이 사진을 올렸습니다. 확인해보세요!','myapp://zip.com/board',0,'https://projectzip.s3.ap-northeast-2.amazonaws.com/profiles/m_9.png','2022-11-18 16:31:59'),(779,13,'아들님이 사진을 올렸습니다. 확인해보세요!','myapp://zip.com/board',1,'https://projectzip.s3.ap-northeast-2.amazonaws.com/profiles/m_9.png','2022-11-18 16:31:59'),(780,10,'아빠님이 사진을 올렸습니다. 확인해보세요!','myapp://zip.com/board',0,'https://projectzip.s3.ap-northeast-2.amazonaws.com/profiles/m_12.png','2022-11-18 16:34:19'),(781,11,'아빠님이 사진을 올렸습니다. 확인해보세요!','myapp://zip.com/board',1,'https://projectzip.s3.ap-northeast-2.amazonaws.com/profiles/m_12.png','2022-11-18 16:34:19'),(782,13,'아빠님이 사진을 올렸습니다. 확인해보세요!','myapp://zip.com/board',1,'https://projectzip.s3.ap-northeast-2.amazonaws.com/profiles/m_12.png','2022-11-18 16:34:19'),(783,10,'엄마님이 사진을 올렸습니다. 확인해보세요!','myapp://zip.com/board',0,'https://projectzip.s3.ap-northeast-2.amazonaws.com/profiles/f_2.png','2022-11-18 16:38:21'),(784,11,'엄마님이 사진을 올렸습니다. 확인해보세요!','myapp://zip.com/board',1,'https://projectzip.s3.ap-northeast-2.amazonaws.com/profiles/f_2.png','2022-11-18 16:38:21'),(785,12,'엄마님이 사진을 올렸습니다. 확인해보세요!','myapp://zip.com/board',0,'https://projectzip.s3.ap-northeast-2.amazonaws.com/profiles/f_2.png','2022-11-18 16:38:21'),(786,11,'아들님이 사진을 올렸습니다. 확인해보세요!','myapp://zip.com/board',1,'https://projectzip.s3.ap-northeast-2.amazonaws.com/profiles/m_9.png','2022-11-18 16:40:15'),(787,12,'아들님이 사진을 올렸습니다. 확인해보세요!','myapp://zip.com/board',0,'https://projectzip.s3.ap-northeast-2.amazonaws.com/profiles/m_9.png','2022-11-18 16:40:15'),(788,13,'아들님이 사진을 올렸습니다. 확인해보세요!','myapp://zip.com/board',1,'https://projectzip.s3.ap-northeast-2.amazonaws.com/profiles/m_9.png','2022-11-18 16:40:15'),(789,10,'아빠님이 게시글을 등록했습니다. 확인해보세요!','myapp://zip.com/board/19',0,'https://projectzip.s3.ap-northeast-2.amazonaws.com/profiles/m_12.png','2022-11-18 17:58:11'),(790,11,'아빠님이 게시글을 등록했습니다. 확인해보세요!','myapp://zip.com/board/19',0,'https://projectzip.s3.ap-northeast-2.amazonaws.com/profiles/m_12.png','2022-11-18 17:58:11'),(791,13,'아빠님이 게시글을 등록했습니다. 확인해보세요!','myapp://zip.com/board/19',0,'https://projectzip.s3.ap-northeast-2.amazonaws.com/profiles/m_12.png','2022-11-18 17:58:11'),(792,11,'아들님이 사진을 올렸습니다. 확인해보세요!','myapp://zip.com/board',0,'https://projectzip.s3.ap-northeast-2.amazonaws.com/profiles/m_9.png','2022-11-18 18:02:43'),(793,12,'아들님이 사진을 올렸습니다. 확인해보세요!','myapp://zip.com/board',0,'https://projectzip.s3.ap-northeast-2.amazonaws.com/profiles/m_9.png','2022-11-18 18:02:43'),(794,13,'아들님이 사진을 올렸습니다. 확인해보세요!','myapp://zip.com/board',0,'https://projectzip.s3.ap-northeast-2.amazonaws.com/profiles/m_9.png','2022-11-18 18:02:43'),(795,10,'딸님이 사진을 올렸습니다. 확인해보세요!','myapp://zip.com/board',0,'https://projectzip.s3.ap-northeast-2.amazonaws.com/profiles/f_12.png','2022-11-18 18:11:29'),(796,12,'딸님이 사진을 올렸습니다. 확인해보세요!','myapp://zip.com/board',0,'https://projectzip.s3.ap-northeast-2.amazonaws.com/profiles/f_12.png','2022-11-18 18:11:29'),(797,13,'딸님이 사진을 올렸습니다. 확인해보세요!','myapp://zip.com/board',0,'https://projectzip.s3.ap-northeast-2.amazonaws.com/profiles/f_12.png','2022-11-18 18:11:29'),(798,11,'아들님이 오늘의 백문백답을 등록했습니다. 확인해보세요!','myapp://zip.com/qna/5',0,'https://projectzip.s3.ap-northeast-2.amazonaws.com/profiles/m_9.png','2022-11-18 18:12:06'),(799,12,'아들님이 오늘의 백문백답을 등록했습니다. 확인해보세요!','myapp://zip.com/qna/5',0,'https://projectzip.s3.ap-northeast-2.amazonaws.com/profiles/m_9.png','2022-11-18 18:12:06'),(800,13,'아들님이 오늘의 백문백답을 등록했습니다. 확인해보세요!','myapp://zip.com/qna/5',0,'https://projectzip.s3.ap-northeast-2.amazonaws.com/profiles/m_9.png','2022-11-18 18:12:06'),(801,10,'딸님이 오늘의 백문백답을 등록했습니다. 확인해보세요!','myapp://zip.com/qna/5',0,'https://projectzip.s3.ap-northeast-2.amazonaws.com/profiles/f_12.png','2022-11-18 18:12:46'),(802,12,'딸님이 오늘의 백문백답을 등록했습니다. 확인해보세요!','myapp://zip.com/qna/5',0,'https://projectzip.s3.ap-northeast-2.amazonaws.com/profiles/f_12.png','2022-11-18 18:12:46'),(803,13,'딸님이 오늘의 백문백답을 등록했습니다. 확인해보세요!','myapp://zip.com/qna/5',0,'https://projectzip.s3.ap-northeast-2.amazonaws.com/profiles/f_12.png','2022-11-18 18:12:46'),(804,10,'가족과 함께하는 ‘오늘의 백문백답’ 미션 성공!\n(300포인트 획득!)','myapp://zip.com/home',1,'https://projectzip.s3.ap-northeast-2.amazonaws.com/profiles/f_12.png','2022-11-18 18:12:46'),(805,11,'가족과 함께하는 ‘오늘의 백문백답’ 미션 성공!\n(300포인트 획득!)','myapp://zip.com/home',0,'https://projectzip.s3.ap-northeast-2.amazonaws.com/profiles/f_12.png','2022-11-18 18:12:46'),(806,12,'가족과 함께하는 ‘오늘의 백문백답’ 미션 성공!\n(300포인트 획득!)','myapp://zip.com/home',0,'https://projectzip.s3.ap-northeast-2.amazonaws.com/profiles/f_12.png','2022-11-18 18:12:46'),(807,13,'가족과 함께하는 ‘오늘의 백문백답’ 미션 성공!\n(300포인트 획득!)','myapp://zip.com/home',0,'https://projectzip.s3.ap-northeast-2.amazonaws.com/profiles/f_12.png','2022-11-18 18:12:46'),(808,11,'아들님이 오늘의 백문백답을 등록했습니다. 확인해보세요!','myapp://zip.com/qna/5',0,'https://projectzip.s3.ap-northeast-2.amazonaws.com/profiles/m_9.png','2022-11-18 18:17:10'),(809,12,'아들님이 오늘의 백문백답을 등록했습니다. 확인해보세요!','myapp://zip.com/qna/5',0,'https://projectzip.s3.ap-northeast-2.amazonaws.com/profiles/m_9.png','2022-11-18 18:17:10'),(810,13,'아들님이 오늘의 백문백답을 등록했습니다. 확인해보세요!','myapp://zip.com/qna/5',0,'https://projectzip.s3.ap-northeast-2.amazonaws.com/profiles/m_9.png','2022-11-18 18:17:10'),(811,10,'아빠님이 사진을 올렸습니다. 확인해보세요!','myapp://zip.com/board',0,'https://projectzip.s3.ap-northeast-2.amazonaws.com/profiles/m_12.png','2022-11-18 18:19:43'),(812,11,'아빠님이 사진을 올렸습니다. 확인해보세요!','myapp://zip.com/board',0,'https://projectzip.s3.ap-northeast-2.amazonaws.com/profiles/m_12.png','2022-11-18 18:19:43'),(813,13,'아빠님이 사진을 올렸습니다. 확인해보세요!','myapp://zip.com/board',0,'https://projectzip.s3.ap-northeast-2.amazonaws.com/profiles/m_12.png','2022-11-18 18:19:43'),(814,11,'아들님이 오늘의 백문백답을 등록했습니다. 확인해보세요!','myapp://zip.com/qna/5',0,'https://projectzip.s3.ap-northeast-2.amazonaws.com/profiles/m_9.png','2022-11-18 18:20:22'),(815,12,'아들님이 오늘의 백문백답을 등록했습니다. 확인해보세요!','myapp://zip.com/qna/5',0,'https://projectzip.s3.ap-northeast-2.amazonaws.com/profiles/m_9.png','2022-11-18 18:20:22'),(816,13,'아들님이 오늘의 백문백답을 등록했습니다. 확인해보세요!','myapp://zip.com/qna/5',0,'https://projectzip.s3.ap-northeast-2.amazonaws.com/profiles/m_9.png','2022-11-18 18:20:22'),(817,10,'첫째딸승연님이 사진을 올렸습니다. 확인해보세요!','myapp://zip.com/board',0,'https://projectzip.s3.ap-northeast-2.amazonaws.com/profiles/f_12.png','2022-11-18 21:30:10'),(818,12,'첫째딸승연님이 사진을 올렸습니다. 확인해보세요!','myapp://zip.com/board',0,'https://projectzip.s3.ap-northeast-2.amazonaws.com/profiles/f_12.png','2022-11-18 21:30:10'),(819,13,'첫째딸승연님이 사진을 올렸습니다. 확인해보세요!','myapp://zip.com/board',0,'https://projectzip.s3.ap-northeast-2.amazonaws.com/profiles/f_12.png','2022-11-18 21:30:10'),(820,10,'멋진아빠님이 함께하는 일정을 등록했습니다. 확인해보세요!','myapp://zip.com/calendar',1,'https://projectzip.s3.ap-northeast-2.amazonaws.com/profiles/m_12.png','2022-11-18 21:31:59'),(821,11,'멋진아빠님이 함께하는 일정을 등록했습니다. 확인해보세요!','myapp://zip.com/calendar',0,'https://projectzip.s3.ap-northeast-2.amazonaws.com/profiles/m_12.png','2022-11-18 21:31:59'),(822,13,'멋진아빠님이 함께하는 일정을 등록했습니다. 확인해보세요!','myapp://zip.com/calendar',0,'https://projectzip.s3.ap-northeast-2.amazonaws.com/profiles/m_12.png','2022-11-18 21:31:59'),(823,10,'첫째딸승연님이 사진을 올렸습니다. 확인해보세요!','myapp://zip.com/board',1,'https://projectzip.s3.ap-northeast-2.amazonaws.com/profiles/f_12.png','2022-11-18 21:32:27'),(824,12,'첫째딸승연님이 사진을 올렸습니다. 확인해보세요!','myapp://zip.com/board',0,'https://projectzip.s3.ap-northeast-2.amazonaws.com/profiles/f_12.png','2022-11-18 21:32:27'),(825,13,'첫째딸승연님이 사진을 올렸습니다. 확인해보세요!','myapp://zip.com/board',0,'https://projectzip.s3.ap-northeast-2.amazonaws.com/profiles/f_12.png','2022-11-18 21:32:27'),(826,11,'은쪽이순이님이 사진을 올렸습니다. 확인해보세요!','myapp://zip.com/board',0,'https://projectzip.s3.ap-northeast-2.amazonaws.com/profiles/m_9.png','2022-11-18 21:49:45'),(827,12,'은쪽이순이님이 사진을 올렸습니다. 확인해보세요!','myapp://zip.com/board',0,'https://projectzip.s3.ap-northeast-2.amazonaws.com/profiles/m_9.png','2022-11-18 21:49:45'),(828,13,'은쪽이순이님이 사진을 올렸습니다. 확인해보세요!','myapp://zip.com/board',0,'https://projectzip.s3.ap-northeast-2.amazonaws.com/profiles/m_9.png','2022-11-18 21:49:45'),(829,10,'멋진아빠님이 사진을 올렸습니다. 확인해보세요!','myapp://zip.com/board',1,'https://projectzip.s3.ap-northeast-2.amazonaws.com/profiles/m_12.png','2022-11-18 21:50:18'),(830,11,'멋진아빠님이 사진을 올렸습니다. 확인해보세요!','myapp://zip.com/board',0,'https://projectzip.s3.ap-northeast-2.amazonaws.com/profiles/m_12.png','2022-11-18 21:50:18'),(831,13,'멋진아빠님이 사진을 올렸습니다. 확인해보세요!','myapp://zip.com/board',0,'https://projectzip.s3.ap-northeast-2.amazonaws.com/profiles/m_12.png','2022-11-18 21:50:18'),(832,10,'멋진아빠님이 사진을 올렸습니다. 확인해보세요!','myapp://zip.com/board',0,'https://projectzip.s3.ap-northeast-2.amazonaws.com/profiles/m_12.png','2022-11-18 21:50:27'),(833,11,'멋진아빠님이 사진을 올렸습니다. 확인해보세요!','myapp://zip.com/board',0,'https://projectzip.s3.ap-northeast-2.amazonaws.com/profiles/m_12.png','2022-11-18 21:50:27'),(834,13,'멋진아빠님이 사진을 올렸습니다. 확인해보세요!','myapp://zip.com/board',0,'https://projectzip.s3.ap-northeast-2.amazonaws.com/profiles/m_12.png','2022-11-18 21:50:27'),(835,11,'은쪽이순이님이 사진을 올렸습니다. 확인해보세요!','myapp://zip.com/board',0,'https://projectzip.s3.ap-northeast-2.amazonaws.com/profiles/m_9.png','2022-11-18 21:55:47'),(836,12,'은쪽이순이님이 사진을 올렸습니다. 확인해보세요!','myapp://zip.com/board',0,'https://projectzip.s3.ap-northeast-2.amazonaws.com/profiles/m_9.png','2022-11-18 21:55:47'),(837,13,'은쪽이순이님이 사진을 올렸습니다. 확인해보세요!','myapp://zip.com/board',0,'https://projectzip.s3.ap-northeast-2.amazonaws.com/profiles/m_9.png','2022-11-18 21:55:47'),(838,10,'멋진아빠님이 사진을 올렸습니다. 확인해보세요!','myapp://zip.com/board',1,'https://projectzip.s3.ap-northeast-2.amazonaws.com/profiles/m_12.png','2022-11-18 22:04:25'),(839,11,'멋진아빠님이 사진을 올렸습니다. 확인해보세요!','myapp://zip.com/board',0,'https://projectzip.s3.ap-northeast-2.amazonaws.com/profiles/m_12.png','2022-11-18 22:04:25'),(840,13,'멋진아빠님이 사진을 올렸습니다. 확인해보세요!','myapp://zip.com/board',0,'https://projectzip.s3.ap-northeast-2.amazonaws.com/profiles/m_12.png','2022-11-18 22:04:25'),(841,10,'멋진아빠님이 사진을 올렸습니다. 확인해보세요!','myapp://zip.com/board',0,'https://projectzip.s3.ap-northeast-2.amazonaws.com/profiles/m_12.png','2022-11-18 22:04:32'),(842,11,'멋진아빠님이 사진을 올렸습니다. 확인해보세요!','myapp://zip.com/board',0,'https://projectzip.s3.ap-northeast-2.amazonaws.com/profiles/m_12.png','2022-11-18 22:04:32'),(843,13,'멋진아빠님이 사진을 올렸습니다. 확인해보세요!','myapp://zip.com/board',0,'https://projectzip.s3.ap-northeast-2.amazonaws.com/profiles/m_12.png','2022-11-18 22:04:32'),(844,10,'첫째딸승연님이 사진을 올렸습니다. 확인해보세요!','myapp://zip.com/board',0,'https://projectzip.s3.ap-northeast-2.amazonaws.com/profiles/f_12.png','2022-11-18 22:13:52'),(845,12,'첫째딸승연님이 사진을 올렸습니다. 확인해보세요!','myapp://zip.com/board',0,'https://projectzip.s3.ap-northeast-2.amazonaws.com/profiles/f_12.png','2022-11-18 22:13:52'),(846,13,'첫째딸승연님이 사진을 올렸습니다. 확인해보세요!','myapp://zip.com/board',0,'https://projectzip.s3.ap-northeast-2.amazonaws.com/profiles/f_12.png','2022-11-18 22:13:52'),(847,10,'첫째딸승연님이 사진을 올렸습니다. 확인해보세요!','myapp://zip.com/board',1,'https://projectzip.s3.ap-northeast-2.amazonaws.com/profiles/f_12.png','2022-11-18 22:16:55'),(848,12,'첫째딸승연님이 사진을 올렸습니다. 확인해보세요!','myapp://zip.com/board',0,'https://projectzip.s3.ap-northeast-2.amazonaws.com/profiles/f_12.png','2022-11-18 22:16:55'),(849,13,'첫째딸승연님이 사진을 올렸습니다. 확인해보세요!','myapp://zip.com/board',0,'https://projectzip.s3.ap-northeast-2.amazonaws.com/profiles/f_12.png','2022-11-18 22:16:55'),(850,10,'첫째딸승연님이 사진을 올렸습니다. 확인해보세요!','myapp://zip.com/board',1,'https://projectzip.s3.ap-northeast-2.amazonaws.com/profiles/f_12.png','2022-11-18 22:18:45'),(851,12,'첫째딸승연님이 사진을 올렸습니다. 확인해보세요!','myapp://zip.com/board',0,'https://projectzip.s3.ap-northeast-2.amazonaws.com/profiles/f_12.png','2022-11-18 22:18:45'),(852,13,'첫째딸승연님이 사진을 올렸습니다. 확인해보세요!','myapp://zip.com/board',0,'https://projectzip.s3.ap-northeast-2.amazonaws.com/profiles/f_12.png','2022-11-18 22:18:45'),(853,10,'첫째딸승연님이 사진을 올렸습니다. 확인해보세요!','myapp://zip.com/board',1,'https://projectzip.s3.ap-northeast-2.amazonaws.com/profiles/f_12.png','2022-11-18 22:19:48'),(854,12,'첫째딸승연님이 사진을 올렸습니다. 확인해보세요!','myapp://zip.com/board',0,'https://projectzip.s3.ap-northeast-2.amazonaws.com/profiles/f_12.png','2022-11-18 22:19:48'),(855,13,'첫째딸승연님이 사진을 올렸습니다. 확인해보세요!','myapp://zip.com/board',0,'https://projectzip.s3.ap-northeast-2.amazonaws.com/profiles/f_12.png','2022-11-18 22:19:48'),(856,10,'이쁜엄마님이 사진을 올렸습니다. 확인해보세요!','myapp://zip.com/board',0,'https://projectzip.s3.ap-northeast-2.amazonaws.com/profiles/f_2.png','2022-11-18 22:51:11'),(857,11,'이쁜엄마님이 사진을 올렸습니다. 확인해보세요!','myapp://zip.com/board',0,'https://projectzip.s3.ap-northeast-2.amazonaws.com/profiles/f_2.png','2022-11-18 22:51:11'),(858,12,'이쁜엄마님이 사진을 올렸습니다. 확인해보세요!','myapp://zip.com/board',0,'https://projectzip.s3.ap-northeast-2.amazonaws.com/profiles/f_2.png','2022-11-18 22:51:11'),(859,10,'첫째딸승연님이 사진을 올렸습니다. 확인해보세요!','myapp://zip.com/board',1,'https://projectzip.s3.ap-northeast-2.amazonaws.com/profiles/f_12.png','2022-11-18 23:09:59'),(860,12,'첫째딸승연님이 사진을 올렸습니다. 확인해보세요!','myapp://zip.com/board',0,'https://projectzip.s3.ap-northeast-2.amazonaws.com/profiles/f_12.png','2022-11-18 23:09:59'),(861,13,'첫째딸승연님이 사진을 올렸습니다. 확인해보세요!','myapp://zip.com/board',0,'https://projectzip.s3.ap-northeast-2.amazonaws.com/profiles/f_12.png','2022-11-18 23:09:59'),(862,10,'첫째딸승연님이 사진을 올렸습니다. 확인해보세요!','myapp://zip.com/board',1,'https://projectzip.s3.ap-northeast-2.amazonaws.com/profiles/f_12.png','2022-11-18 23:23:21'),(863,12,'첫째딸승연님이 사진을 올렸습니다. 확인해보세요!','myapp://zip.com/board',0,'https://projectzip.s3.ap-northeast-2.amazonaws.com/profiles/f_12.png','2022-11-18 23:23:21'),(864,13,'첫째딸승연님이 사진을 올렸습니다. 확인해보세요!','myapp://zip.com/board',0,'https://projectzip.s3.ap-northeast-2.amazonaws.com/profiles/f_12.png','2022-11-18 23:23:21'),(865,11,'은쪽이순이님이 오늘의 백문백답을 등록했습니다. 확인해보세요!','myapp://zip.com/qna/5',0,'https://projectzip.s3.ap-northeast-2.amazonaws.com/profiles/m_9.png','2022-11-18 23:24:07'),(866,12,'은쪽이순이님이 오늘의 백문백답을 등록했습니다. 확인해보세요!','myapp://zip.com/qna/5',0,'https://projectzip.s3.ap-northeast-2.amazonaws.com/profiles/m_9.png','2022-11-18 23:24:07'),(867,13,'은쪽이순이님이 오늘의 백문백답을 등록했습니다. 확인해보세요!','myapp://zip.com/qna/5',0,'https://projectzip.s3.ap-northeast-2.amazonaws.com/profiles/m_9.png','2022-11-18 23:24:07'),(868,10,'첫째딸승연님이 오늘의 백문백답을 등록했습니다. 확인해보세요!','myapp://zip.com/qna/5',1,'https://projectzip.s3.ap-northeast-2.amazonaws.com/profiles/f_12.png','2022-11-18 23:24:40'),(869,12,'첫째딸승연님이 오늘의 백문백답을 등록했습니다. 확인해보세요!','myapp://zip.com/qna/5',0,'https://projectzip.s3.ap-northeast-2.amazonaws.com/profiles/f_12.png','2022-11-18 23:24:40'),(870,13,'첫째딸승연님이 오늘의 백문백답을 등록했습니다. 확인해보세요!','myapp://zip.com/qna/5',0,'https://projectzip.s3.ap-northeast-2.amazonaws.com/profiles/f_12.png','2022-11-18 23:24:40'),(871,10,'가족과 함께하는 ‘오늘의 백문백답’ 미션 성공!\n(300포인트 획득!)','myapp://zip.com/home',1,'https://projectzip.s3.ap-northeast-2.amazonaws.com/profiles/f_12.png','2022-11-18 23:24:40'),(872,11,'가족과 함께하는 ‘오늘의 백문백답’ 미션 성공!\n(300포인트 획득!)','myapp://zip.com/home',1,'https://projectzip.s3.ap-northeast-2.amazonaws.com/profiles/f_12.png','2022-11-18 23:24:40'),(873,12,'가족과 함께하는 ‘오늘의 백문백답’ 미션 성공!\n(300포인트 획득!)','myapp://zip.com/home',0,'https://projectzip.s3.ap-northeast-2.amazonaws.com/profiles/f_12.png','2022-11-18 23:24:40'),(874,13,'가족과 함께하는 ‘오늘의 백문백답’ 미션 성공!\n(300포인트 획득!)','myapp://zip.com/home',0,'https://projectzip.s3.ap-northeast-2.amazonaws.com/profiles/f_12.png','2022-11-18 23:24:40'),(875,10,'첫째딸승연님이 사진을 올렸습니다. 확인해보세요!','myapp://zip.com/board',0,'https://projectzip.s3.ap-northeast-2.amazonaws.com/profiles/f_12.png','2022-11-18 23:50:32'),(876,12,'첫째딸승연님이 사진을 올렸습니다. 확인해보세요!','myapp://zip.com/board',0,'https://projectzip.s3.ap-northeast-2.amazonaws.com/profiles/f_12.png','2022-11-18 23:50:32'),(877,13,'첫째딸승연님이 사진을 올렸습니다. 확인해보세요!','myapp://zip.com/board',0,'https://projectzip.s3.ap-northeast-2.amazonaws.com/profiles/f_12.png','2022-11-18 23:50:32'),(878,11,'은쪽이순이님이 오늘의 백문백답을 등록했습니다. 확인해보세요!','myapp://zip.com/qna/5',1,'https://projectzip.s3.ap-northeast-2.amazonaws.com/profiles/m_9.png','2022-11-18 23:51:24'),(879,12,'은쪽이순이님이 오늘의 백문백답을 등록했습니다. 확인해보세요!','myapp://zip.com/qna/5',0,'https://projectzip.s3.ap-northeast-2.amazonaws.com/profiles/m_9.png','2022-11-18 23:51:24'),(880,13,'은쪽이순이님이 오늘의 백문백답을 등록했습니다. 확인해보세요!','myapp://zip.com/qna/5',0,'https://projectzip.s3.ap-northeast-2.amazonaws.com/profiles/m_9.png','2022-11-18 23:51:24'),(881,10,'첫째딸승연님이 오늘의 백문백답을 등록했습니다. 확인해보세요!','myapp://zip.com/qna/5',1,'https://projectzip.s3.ap-northeast-2.amazonaws.com/profiles/f_12.png','2022-11-18 23:51:50'),(882,12,'첫째딸승연님이 오늘의 백문백답을 등록했습니다. 확인해보세요!','myapp://zip.com/qna/5',0,'https://projectzip.s3.ap-northeast-2.amazonaws.com/profiles/f_12.png','2022-11-18 23:51:50'),(883,13,'첫째딸승연님이 오늘의 백문백답을 등록했습니다. 확인해보세요!','myapp://zip.com/qna/5',0,'https://projectzip.s3.ap-northeast-2.amazonaws.com/profiles/f_12.png','2022-11-18 23:51:50'),(884,10,'가족과 함께하는 ‘오늘의 백문백답’ 미션 성공!\n(300포인트 획득!)','myapp://zip.com/home',0,'https://projectzip.s3.ap-northeast-2.amazonaws.com/profiles/f_12.png','2022-11-18 23:51:50'),(885,11,'가족과 함께하는 ‘오늘의 백문백답’ 미션 성공!\n(300포인트 획득!)','myapp://zip.com/home',0,'https://projectzip.s3.ap-northeast-2.amazonaws.com/profiles/f_12.png','2022-11-18 23:51:50'),(886,12,'가족과 함께하는 ‘오늘의 백문백답’ 미션 성공!\n(300포인트 획득!)','myapp://zip.com/home',0,'https://projectzip.s3.ap-northeast-2.amazonaws.com/profiles/f_12.png','2022-11-18 23:51:50'),(887,13,'가족과 함께하는 ‘오늘의 백문백답’ 미션 성공!\n(300포인트 획득!)','myapp://zip.com/home',0,'https://projectzip.s3.ap-northeast-2.amazonaws.com/profiles/f_12.png','2022-11-18 23:51:50'),(888,11,'은쪽이순이님이 오늘의 백문백답을 등록했습니다. 확인해보세요!','myapp://zip.com/qna/5',1,'https://projectzip.s3.ap-northeast-2.amazonaws.com/profiles/m_9.png','2022-11-18 23:57:28'),(889,12,'은쪽이순이님이 오늘의 백문백답을 등록했습니다. 확인해보세요!','myapp://zip.com/qna/5',0,'https://projectzip.s3.ap-northeast-2.amazonaws.com/profiles/m_9.png','2022-11-18 23:57:28'),(890,13,'은쪽이순이님이 오늘의 백문백답을 등록했습니다. 확인해보세요!','myapp://zip.com/qna/5',1,'https://projectzip.s3.ap-northeast-2.amazonaws.com/profiles/m_9.png','2022-11-18 23:57:28'),(891,10,'첫째딸승연님이 오늘의 백문백답을 등록했습니다. 확인해보세요!','myapp://zip.com/qna/5',0,'https://projectzip.s3.ap-northeast-2.amazonaws.com/profiles/f_12.png','2022-11-18 23:58:30'),(892,12,'첫째딸승연님이 오늘의 백문백답을 등록했습니다. 확인해보세요!','myapp://zip.com/qna/5',0,'https://projectzip.s3.ap-northeast-2.amazonaws.com/profiles/f_12.png','2022-11-18 23:58:30'),(893,13,'첫째딸승연님이 오늘의 백문백답을 등록했습니다. 확인해보세요!','myapp://zip.com/qna/5',0,'https://projectzip.s3.ap-northeast-2.amazonaws.com/profiles/f_12.png','2022-11-18 23:58:30'),(894,10,'가족과 함께하는 ‘오늘의 백문백답’ 미션 성공!\n(300포인트 획득!)','myapp://zip.com/home',0,'https://projectzip.s3.ap-northeast-2.amazonaws.com/profiles/f_12.png','2022-11-18 23:58:30'),(895,11,'가족과 함께하는 ‘오늘의 백문백답’ 미션 성공!\n(300포인트 획득!)','myapp://zip.com/home',0,'https://projectzip.s3.ap-northeast-2.amazonaws.com/profiles/f_12.png','2022-11-18 23:58:30'),(896,12,'가족과 함께하는 ‘오늘의 백문백답’ 미션 성공!\n(300포인트 획득!)','myapp://zip.com/home',0,'https://projectzip.s3.ap-northeast-2.amazonaws.com/profiles/f_12.png','2022-11-18 23:58:30'),(897,13,'가족과 함께하는 ‘오늘의 백문백답’ 미션 성공!\n(300포인트 획득!)','myapp://zip.com/home',0,'https://projectzip.s3.ap-northeast-2.amazonaws.com/profiles/f_12.png','2022-11-18 23:58:30'),(898,10,'이쁜엄마님이 사진을 올렸습니다. 확인해보세요!','myapp://zip.com/board',1,'https://projectzip.s3.ap-northeast-2.amazonaws.com/profiles/f_2.png','2022-11-19 00:08:08'),(899,11,'이쁜엄마님이 사진을 올렸습니다. 확인해보세요!','myapp://zip.com/board',0,'https://projectzip.s3.ap-northeast-2.amazonaws.com/profiles/f_2.png','2022-11-19 00:08:08'),(900,12,'이쁜엄마님이 사진을 올렸습니다. 확인해보세요!','myapp://zip.com/board',0,'https://projectzip.s3.ap-northeast-2.amazonaws.com/profiles/f_2.png','2022-11-19 00:08:08'),(901,10,'이쁜엄마님이 사진을 올렸습니다. 확인해보세요!','myapp://zip.com/board',1,'https://projectzip.s3.ap-northeast-2.amazonaws.com/profiles/f_2.png','2022-11-19 00:30:27'),(902,11,'이쁜엄마님이 사진을 올렸습니다. 확인해보세요!','myapp://zip.com/board',0,'https://projectzip.s3.ap-northeast-2.amazonaws.com/profiles/f_2.png','2022-11-19 00:30:27'),(903,12,'이쁜엄마님이 사진을 올렸습니다. 확인해보세요!','myapp://zip.com/board',0,'https://projectzip.s3.ap-northeast-2.amazonaws.com/profiles/f_2.png','2022-11-19 00:30:27'),(904,10,'이쁜엄마님이 사진을 올렸습니다. 확인해보세요!','myapp://zip.com/board',1,'https://projectzip.s3.ap-northeast-2.amazonaws.com/profiles/f_2.png','2022-11-19 00:38:53'),(905,11,'이쁜엄마님이 사진을 올렸습니다. 확인해보세요!','myapp://zip.com/board',0,'https://projectzip.s3.ap-northeast-2.amazonaws.com/profiles/f_2.png','2022-11-19 00:38:53'),(906,12,'이쁜엄마님이 사진을 올렸습니다. 확인해보세요!','myapp://zip.com/board',0,'https://projectzip.s3.ap-northeast-2.amazonaws.com/profiles/f_2.png','2022-11-19 00:38:53'),(907,10,'이쁜엄마님이 사진을 올렸습니다. 확인해보세요!','myapp://zip.com/board',0,'https://projectzip.s3.ap-northeast-2.amazonaws.com/profiles/f_2.png','2022-11-19 00:41:37'),(908,11,'이쁜엄마님이 사진을 올렸습니다. 확인해보세요!','myapp://zip.com/board',1,'https://projectzip.s3.ap-northeast-2.amazonaws.com/profiles/f_2.png','2022-11-19 00:41:37'),(909,12,'이쁜엄마님이 사진을 올렸습니다. 확인해보세요!','myapp://zip.com/board',0,'https://projectzip.s3.ap-northeast-2.amazonaws.com/profiles/f_2.png','2022-11-19 00:41:37'),(910,10,'이쁜엄마님이 사진을 올렸습니다. 확인해보세요!','myapp://zip.com/board',0,'https://projectzip.s3.ap-northeast-2.amazonaws.com/profiles/f_2.png','2022-11-19 00:52:56'),(911,11,'이쁜엄마님이 사진을 올렸습니다. 확인해보세요!','myapp://zip.com/board',0,'https://projectzip.s3.ap-northeast-2.amazonaws.com/profiles/f_2.png','2022-11-19 00:52:56'),(912,12,'이쁜엄마님이 사진을 올렸습니다. 확인해보세요!','myapp://zip.com/board',0,'https://projectzip.s3.ap-northeast-2.amazonaws.com/profiles/f_2.png','2022-11-19 00:52:56'),(913,10,'이쁜엄마님이 사진을 올렸습니다. 확인해보세요!','myapp://zip.com/board',0,'https://projectzip.s3.ap-northeast-2.amazonaws.com/profiles/f_2.png','2022-11-19 00:55:24'),(914,11,'이쁜엄마님이 사진을 올렸습니다. 확인해보세요!','myapp://zip.com/board',0,'https://projectzip.s3.ap-northeast-2.amazonaws.com/profiles/f_2.png','2022-11-19 00:55:24'),(915,12,'이쁜엄마님이 사진을 올렸습니다. 확인해보세요!','myapp://zip.com/board',0,'https://projectzip.s3.ap-northeast-2.amazonaws.com/profiles/f_2.png','2022-11-19 00:55:24'),(916,10,'이쁜엄마님이 사진을 올렸습니다. 확인해보세요!','myapp://zip.com/board',0,'https://projectzip.s3.ap-northeast-2.amazonaws.com/profiles/f_2.png','2022-11-19 00:57:51'),(917,11,'이쁜엄마님이 사진을 올렸습니다. 확인해보세요!','myapp://zip.com/board',0,'https://projectzip.s3.ap-northeast-2.amazonaws.com/profiles/f_2.png','2022-11-19 00:57:51'),(918,12,'이쁜엄마님이 사진을 올렸습니다. 확인해보세요!','myapp://zip.com/board',0,'https://projectzip.s3.ap-northeast-2.amazonaws.com/profiles/f_2.png','2022-11-19 00:57:51'),(919,10,'이쁜엄마님이 사진을 올렸습니다. 확인해보세요!','myapp://zip.com/board',0,'https://projectzip.s3.ap-northeast-2.amazonaws.com/profiles/f_2.png','2022-11-19 02:40:42'),(920,11,'이쁜엄마님이 사진을 올렸습니다. 확인해보세요!','myapp://zip.com/board',1,'https://projectzip.s3.ap-northeast-2.amazonaws.com/profiles/f_2.png','2022-11-19 02:40:42'),(921,12,'이쁜엄마님이 사진을 올렸습니다. 확인해보세요!','myapp://zip.com/board',0,'https://projectzip.s3.ap-northeast-2.amazonaws.com/profiles/f_2.png','2022-11-19 02:40:42'),(922,10,'이쁜엄마님이 사진을 올렸습니다. 확인해보세요!','myapp://zip.com/board',0,'https://projectzip.s3.ap-northeast-2.amazonaws.com/profiles/f_2.png','2022-11-19 02:41:55'),(923,11,'이쁜엄마님이 사진을 올렸습니다. 확인해보세요!','myapp://zip.com/board',0,'https://projectzip.s3.ap-northeast-2.amazonaws.com/profiles/f_2.png','2022-11-19 02:41:55'),(924,12,'이쁜엄마님이 사진을 올렸습니다. 확인해보세요!','myapp://zip.com/board',0,'https://projectzip.s3.ap-northeast-2.amazonaws.com/profiles/f_2.png','2022-11-19 02:41:55'),(925,10,'이쁜엄마님이 사진을 올렸습니다. 확인해보세요!','myapp://zip.com/board',0,'https://projectzip.s3.ap-northeast-2.amazonaws.com/profiles/f_2.png','2022-11-19 02:46:20'),(926,11,'이쁜엄마님이 사진을 올렸습니다. 확인해보세요!','myapp://zip.com/board',0,'https://projectzip.s3.ap-northeast-2.amazonaws.com/profiles/f_2.png','2022-11-19 02:46:20'),(927,12,'이쁜엄마님이 사진을 올렸습니다. 확인해보세요!','myapp://zip.com/board',0,'https://projectzip.s3.ap-northeast-2.amazonaws.com/profiles/f_2.png','2022-11-19 02:46:20'),(928,10,'이쁜엄마님이 사진을 올렸습니다. 확인해보세요!','myapp://zip.com/board',0,'https://projectzip.s3.ap-northeast-2.amazonaws.com/profiles/f_2.png','2022-11-19 02:49:41'),(929,11,'이쁜엄마님이 사진을 올렸습니다. 확인해보세요!','myapp://zip.com/board',0,'https://projectzip.s3.ap-northeast-2.amazonaws.com/profiles/f_2.png','2022-11-19 02:49:41'),(930,12,'이쁜엄마님이 사진을 올렸습니다. 확인해보세요!','myapp://zip.com/board',0,'https://projectzip.s3.ap-northeast-2.amazonaws.com/profiles/f_2.png','2022-11-19 02:49:41'),(931,10,'이쁜엄마님이 사진을 올렸습니다. 확인해보세요!','myapp://zip.com/board',0,'https://projectzip.s3.ap-northeast-2.amazonaws.com/profiles/f_2.png','2022-11-19 02:51:31'),(932,11,'이쁜엄마님이 사진을 올렸습니다. 확인해보세요!','myapp://zip.com/board',0,'https://projectzip.s3.ap-northeast-2.amazonaws.com/profiles/f_2.png','2022-11-19 02:51:31'),(933,12,'이쁜엄마님이 사진을 올렸습니다. 확인해보세요!','myapp://zip.com/board',0,'https://projectzip.s3.ap-northeast-2.amazonaws.com/profiles/f_2.png','2022-11-19 02:51:31'),(934,10,'이쁜엄마님이 사진을 올렸습니다. 확인해보세요!','myapp://zip.com/board',0,'https://projectzip.s3.ap-northeast-2.amazonaws.com/profiles/f_2.png','2022-11-19 09:30:27'),(935,11,'이쁜엄마님이 사진을 올렸습니다. 확인해보세요!','myapp://zip.com/board',0,'https://projectzip.s3.ap-northeast-2.amazonaws.com/profiles/f_2.png','2022-11-19 09:30:27'),(936,12,'이쁜엄마님이 사진을 올렸습니다. 확인해보세요!','myapp://zip.com/board',0,'https://projectzip.s3.ap-northeast-2.amazonaws.com/profiles/f_2.png','2022-11-19 09:30:27'),(937,10,'이쁜엄마님이 사진을 올렸습니다. 확인해보세요!','myapp://zip.com/board',0,'https://projectzip.s3.ap-northeast-2.amazonaws.com/profiles/f_2.png','2022-11-19 09:44:55'),(938,11,'이쁜엄마님이 사진을 올렸습니다. 확인해보세요!','myapp://zip.com/board',0,'https://projectzip.s3.ap-northeast-2.amazonaws.com/profiles/f_2.png','2022-11-19 09:44:55'),(939,12,'이쁜엄마님이 사진을 올렸습니다. 확인해보세요!','myapp://zip.com/board',0,'https://projectzip.s3.ap-northeast-2.amazonaws.com/profiles/f_2.png','2022-11-19 09:44:55'),(940,10,'이쁜엄마님이 사진을 올렸습니다. 확인해보세요!','myapp://zip.com/board',0,'https://projectzip.s3.ap-northeast-2.amazonaws.com/profiles/f_2.png','2022-11-19 09:47:49'),(941,11,'이쁜엄마님이 사진을 올렸습니다. 확인해보세요!','myapp://zip.com/board',0,'https://projectzip.s3.ap-northeast-2.amazonaws.com/profiles/f_2.png','2022-11-19 09:47:49'),(942,12,'이쁜엄마님이 사진을 올렸습니다. 확인해보세요!','myapp://zip.com/board',0,'https://projectzip.s3.ap-northeast-2.amazonaws.com/profiles/f_2.png','2022-11-19 09:47:49'),(943,10,'이쁜엄마님이 사진을 올렸습니다. 확인해보세요!','myapp://zip.com/board',0,'https://projectzip.s3.ap-northeast-2.amazonaws.com/profiles/f_2.png','2022-11-19 10:02:35'),(944,11,'이쁜엄마님이 사진을 올렸습니다. 확인해보세요!','myapp://zip.com/board',0,'https://projectzip.s3.ap-northeast-2.amazonaws.com/profiles/f_2.png','2022-11-19 10:02:35'),(945,12,'이쁜엄마님이 사진을 올렸습니다. 확인해보세요!','myapp://zip.com/board',0,'https://projectzip.s3.ap-northeast-2.amazonaws.com/profiles/f_2.png','2022-11-19 10:02:35'),(946,10,'이쁜엄마님이 사진을 올렸습니다. 확인해보세요!','myapp://zip.com/board',0,'https://projectzip.s3.ap-northeast-2.amazonaws.com/profiles/f_2.png','2022-11-19 10:09:09'),(947,11,'이쁜엄마님이 사진을 올렸습니다. 확인해보세요!','myapp://zip.com/board',0,'https://projectzip.s3.ap-northeast-2.amazonaws.com/profiles/f_2.png','2022-11-19 10:09:09'),(948,12,'이쁜엄마님이 사진을 올렸습니다. 확인해보세요!','myapp://zip.com/board',0,'https://projectzip.s3.ap-northeast-2.amazonaws.com/profiles/f_2.png','2022-11-19 10:09:09'),(949,10,'이쁜엄마님이 사진을 올렸습니다. 확인해보세요!','myapp://zip.com/board',0,'https://projectzip.s3.ap-northeast-2.amazonaws.com/profiles/f_2.png','2022-11-19 10:11:51'),(950,11,'이쁜엄마님이 사진을 올렸습니다. 확인해보세요!','myapp://zip.com/board',0,'https://projectzip.s3.ap-northeast-2.amazonaws.com/profiles/f_2.png','2022-11-19 10:11:51'),(951,12,'이쁜엄마님이 사진을 올렸습니다. 확인해보세요!','myapp://zip.com/board',0,'https://projectzip.s3.ap-northeast-2.amazonaws.com/profiles/f_2.png','2022-11-19 10:11:51'),(952,10,'이쁜엄마님이 사진을 올렸습니다. 확인해보세요!','myapp://zip.com/board',0,'https://projectzip.s3.ap-northeast-2.amazonaws.com/profiles/f_2.png','2022-11-19 10:14:34'),(953,11,'이쁜엄마님이 사진을 올렸습니다. 확인해보세요!','myapp://zip.com/board',0,'https://projectzip.s3.ap-northeast-2.amazonaws.com/profiles/f_2.png','2022-11-19 10:14:34'),(954,12,'이쁜엄마님이 사진을 올렸습니다. 확인해보세요!','myapp://zip.com/board',0,'https://projectzip.s3.ap-northeast-2.amazonaws.com/profiles/f_2.png','2022-11-19 10:14:34'),(955,10,'이쁜엄마님이 사진을 올렸습니다. 확인해보세요!','myapp://zip.com/board',0,'https://projectzip.s3.ap-northeast-2.amazonaws.com/profiles/f_2.png','2022-11-19 10:15:47'),(956,11,'이쁜엄마님이 사진을 올렸습니다. 확인해보세요!','myapp://zip.com/board',0,'https://projectzip.s3.ap-northeast-2.amazonaws.com/profiles/f_2.png','2022-11-19 10:15:47'),(957,12,'이쁜엄마님이 사진을 올렸습니다. 확인해보세요!','myapp://zip.com/board',0,'https://projectzip.s3.ap-northeast-2.amazonaws.com/profiles/f_2.png','2022-11-19 10:15:47'),(958,10,'첫째딸승연님이 사진을 올렸습니다. 확인해보세요!','myapp://zip.com/board',0,'https://projectzip.s3.ap-northeast-2.amazonaws.com/profiles/f_12.png','2022-11-19 10:48:04'),(959,12,'첫째딸승연님이 사진을 올렸습니다. 확인해보세요!','myapp://zip.com/board',0,'https://projectzip.s3.ap-northeast-2.amazonaws.com/profiles/f_12.png','2022-11-19 10:48:04'),(960,13,'첫째딸승연님이 사진을 올렸습니다. 확인해보세요!','myapp://zip.com/board',0,'https://projectzip.s3.ap-northeast-2.amazonaws.com/profiles/f_12.png','2022-11-19 10:48:04'),(961,10,'첫째딸승연님이 사진을 올렸습니다. 확인해보세요!','myapp://zip.com/board',0,'https://projectzip.s3.ap-northeast-2.amazonaws.com/profiles/f_12.png','2022-11-19 11:58:28'),(962,12,'첫째딸승연님이 사진을 올렸습니다. 확인해보세요!','myapp://zip.com/board',0,'https://projectzip.s3.ap-northeast-2.amazonaws.com/profiles/f_12.png','2022-11-19 11:58:28'),(963,13,'첫째딸승연님이 사진을 올렸습니다. 확인해보세요!','myapp://zip.com/board',0,'https://projectzip.s3.ap-northeast-2.amazonaws.com/profiles/f_12.png','2022-11-19 11:58:28'),(964,10,'첫째딸승연님이 사진을 올렸습니다. 확인해보세요!','myapp://zip.com/board',0,'https://projectzip.s3.ap-northeast-2.amazonaws.com/profiles/f_12.png','2022-11-19 12:27:54'),(965,12,'첫째딸승연님이 사진을 올렸습니다. 확인해보세요!','myapp://zip.com/board',0,'https://projectzip.s3.ap-northeast-2.amazonaws.com/profiles/f_12.png','2022-11-19 12:27:54'),(966,13,'첫째딸승연님이 사진을 올렸습니다. 확인해보세요!','myapp://zip.com/board',0,'https://projectzip.s3.ap-northeast-2.amazonaws.com/profiles/f_12.png','2022-11-19 12:27:54');
/*!40000 ALTER TABLE `notification` ENABLE KEYS */;
UNLOCK TABLES;

--
-- Table structure for table `picture`
--

DROP TABLE IF EXISTS `picture`;
/*!40101 SET @saved_cs_client     = @@character_set_client */;
/*!50503 SET character_set_client = utf8mb4 */;
CREATE TABLE `picture` (
  `id` bigint NOT NULL AUTO_INCREMENT,
  `user_id` bigint NOT NULL,
  `album_id` bigint NOT NULL,
  `directory` varchar(255) DEFAULT '0',
  `file_name` varchar(255) DEFAULT NULL,
  `reg` datetime NOT NULL DEFAULT CURRENT_TIMESTAMP,
  PRIMARY KEY (`id`),
  UNIQUE KEY `Key_UNIQUE` (`id`),
  KEY `FK_user_TO_album_1` (`user_id`),
  KEY `FK_folder_TO_album_1` (`album_id`),
  CONSTRAINT `FK_folder_TO_album_1` FOREIGN KEY (`album_id`) REFERENCES `album` (`id`) ON DELETE CASCADE,
  CONSTRAINT `FK_user_TO_album_1` FOREIGN KEY (`user_id`) REFERENCES `user` (`id`)
) ENGINE=InnoDB AUTO_INCREMENT=336 DEFAULT CHARSET=utf8mb4 COLLATE=utf8mb4_0900_ai_ci;
/*!40101 SET character_set_client = @saved_cs_client */;

--
-- Dumping data for table `picture`
--

LOCK TABLES `picture` WRITE;
/*!40000 ALTER TABLE `picture` DISABLE KEYS */;
INSERT INTO `picture` VALUES (5,1,1,'https://projectzip.s3.ap-northeast-2.amazonaws.com/album/d94c8c24-15b8-47ea-8c18-6dc93e650cbf.','1668529675186','2022-11-16 01:27:56'),(6,1,1,'https://projectzip.s3.ap-northeast-2.amazonaws.com/album/86d06516-3583-48ab-b289-3dd4984190a9.','1668529707658','2022-11-16 01:28:28'),(7,1,1,'https://projectzip.s3.ap-northeast-2.amazonaws.com/album/65875174-30ef-495c-a2e8-9711141dfa7f.','1668529707676','2022-11-16 01:28:28'),(8,1,1,'https://projectzip.s3.ap-northeast-2.amazonaws.com/album/b6dc019d-0de0-4eeb-af1e-b10894e2eee6.','1668529717983','2022-11-16 01:28:38'),(9,2,2,'https://projectzip.s3.ap-northeast-2.amazonaws.com/album/7a2fb134-3185-4ce2-bfc9-15211f4a9436.','1668529972757','2022-11-16 01:32:53'),(10,1,2,'https://projectzip.s3.ap-northeast-2.amazonaws.com/album/c555ec02-720a-4d4f-98e4-fc9e6ae78a3a.','1668530745547','2022-11-16 01:45:45'),(11,1,2,'https://projectzip.s3.ap-northeast-2.amazonaws.com/album/fe2413c9-d52b-43f4-b4fd-3b412ec0c655.','1668530753645','2022-11-16 01:45:53'),(12,3,2,'https://projectzip.s3.ap-northeast-2.amazonaws.com/album/e45b77c8-b3e9-4d86-8b64-cc0abba5ea18.','1668531904452','2022-11-16 02:05:05'),(13,3,2,'https://projectzip.s3.ap-northeast-2.amazonaws.com/album/466880de-53d4-43e7-bcf9-4d3b33851563.','1668601291865','2022-11-16 21:21:35'),(14,3,2,'https://projectzip.s3.ap-northeast-2.amazonaws.com/album/845e52d2-4834-49ba-adc6-58beccc94cbf.','1668601317145','2022-11-16 21:21:59'),(15,3,2,'https://projectzip.s3.ap-northeast-2.amazonaws.com/album/b4cc2d20-c0cd-42e7-9c39-dee40ee7a9b7.','1668601317163','2022-11-16 21:21:59'),(16,3,2,'https://projectzip.s3.ap-northeast-2.amazonaws.com/album/e5daff87-2366-496f-9c2f-7f262e7bf676.','1668601317180','2022-11-16 21:21:59'),(17,3,2,'https://projectzip.s3.ap-northeast-2.amazonaws.com/album/dd16a978-93e9-4c35-89f2-4fdda9ced0f1.','1668601317195','2022-11-16 21:21:59'),(18,3,2,'https://projectzip.s3.ap-northeast-2.amazonaws.com/album/d8d7023e-6098-4216-948b-9cc16a51e1fd.','1668601317210','2022-11-16 21:21:59'),(20,8,2,'https://projectzip.s3.ap-northeast-2.amazonaws.com/album/ca363fc1-f2fb-41b4-9c3d-46c8fa7443a6.','1668601355844','2022-11-16 21:22:45'),(26,8,2,'https://projectzip.s3.ap-northeast-2.amazonaws.com/album/88105057-d220-434f-a5b3-4bdaba07c5e0.','1668608645831','2022-11-16 23:24:08'),(27,8,2,'https://projectzip.s3.ap-northeast-2.amazonaws.com/album/4296ad05-d1b1-4118-983d-63023f72ae87.','1668618386105','2022-11-17 02:06:42'),(28,8,2,'https://projectzip.s3.ap-northeast-2.amazonaws.com/album/37054ac1-1568-49bc-bc8b-c3cce33b8e03.','1668618386169','2022-11-17 02:06:42'),(29,8,2,'https://projectzip.s3.ap-northeast-2.amazonaws.com/album/df9081dc-a038-4879-9441-690df8b8ca16.','1668618584202','2022-11-17 02:10:21'),(30,8,2,'https://projectzip.s3.ap-northeast-2.amazonaws.com/album/a24fdcab-ed0f-4ecd-b55a-8c5e92a5f8db.','1668618584261','2022-11-17 02:10:21'),(31,8,2,'https://projectzip.s3.ap-northeast-2.amazonaws.com/album/2cb7939b-a0bb-4014-845c-23a1d4e0a742.','1668618584335','2022-11-17 02:10:21'),(32,8,2,'https://projectzip.s3.ap-northeast-2.amazonaws.com/album/40d3bc60-d230-44a9-91fd-c1d38b981a6c.','1668618584412','2022-11-17 02:10:21'),(33,8,2,'https://projectzip.s3.ap-northeast-2.amazonaws.com/album/fc12276c-cfee-43da-9a45-369c1b411fdf.','1668618584481','2022-11-17 02:10:21'),(34,8,2,'https://projectzip.s3.ap-northeast-2.amazonaws.com/album/0de453bf-c83b-47d5-bd70-fff23dbcf6b3.','1668618584580','2022-11-17 02:10:21'),(35,8,2,'https://projectzip.s3.ap-northeast-2.amazonaws.com/album/d43ed4b7-efce-45c2-847c-bf72e13c5231.','1668618584649','2022-11-17 02:10:21'),(36,8,2,'https://projectzip.s3.ap-northeast-2.amazonaws.com/album/7b3f0fda-c624-4398-9bd6-8a02ab236551.','1668618584724','2022-11-17 02:10:21'),(37,3,2,'https://projectzip.s3.ap-northeast-2.amazonaws.com/album/28520470-a2c2-41c8-a36b-4519a3b990ec.','1668648401940','2022-11-17 10:26:44'),(38,3,2,'https://projectzip.s3.ap-northeast-2.amazonaws.com/album/a4398058-1ef5-4108-826d-44f79635286c.','1668648401970','2022-11-17 10:26:44'),(39,3,2,'https://projectzip.s3.ap-northeast-2.amazonaws.com/album/a61b1a9c-4d74-4c33-8f11-4df41a535941.','1668648401993','2022-11-17 10:26:44'),(40,3,2,'https://projectzip.s3.ap-northeast-2.amazonaws.com/album/d7a06434-bc56-43cf-983f-c920cfa2e6cf.','1668648412878','2022-11-17 10:26:54'),(41,3,2,'https://projectzip.s3.ap-northeast-2.amazonaws.com/album/6c9d0520-c2d9-4f0c-ae16-e574285e00b3.','1668648446113','2022-11-17 10:27:28'),(42,8,2,'https://projectzip.s3.ap-northeast-2.amazonaws.com/album/e980c7a7-4de8-4519-ae71-d48550d4ad75.','1668658499979','2022-11-17 13:15:01'),(112,3,1,'https://projectzip.s3.ap-northeast-2.amazonaws.com/album/17c97476-1759-4f31-9c2e-e8a183f84c3c.','1668729275440','2022-11-18 08:54:38'),(113,3,1,'https://projectzip.s3.ap-northeast-2.amazonaws.com/album/843e8e3d-73da-4c6e-b396-8273a9cbab11.','1668729275558','2022-11-18 08:54:38'),(114,3,1,'https://projectzip.s3.ap-northeast-2.amazonaws.com/album/ba3ec334-4357-4d32-b087-64b557ef8c3d.','1668729275663','2022-11-18 08:54:38'),(115,3,1,'https://projectzip.s3.ap-northeast-2.amazonaws.com/album/55c14cb1-e468-46ad-89de-2dd09169dd95.','1668729275764','2022-11-18 08:54:38'),(116,3,1,'https://projectzip.s3.ap-northeast-2.amazonaws.com/album/090797ff-5d17-4653-be96-0a9ec1cb378c.','1668729437973','2022-11-18 08:57:21'),(117,3,1,'https://projectzip.s3.ap-northeast-2.amazonaws.com/album/f3fb0b00-7bd1-4702-a5e9-ccc2cf42f911.','1668729438123','2022-11-18 08:57:21'),(118,3,1,'https://projectzip.s3.ap-northeast-2.amazonaws.com/album/bce646a8-6776-4ae7-b441-4e40bd63c843.','1668729438261','2022-11-18 08:57:21'),(119,3,1,'https://projectzip.s3.ap-northeast-2.amazonaws.com/album/a7356344-5ab7-4076-9295-c9b3a5efe694.','1668729438394','2022-11-18 08:57:21'),(120,3,1,'https://projectzip.s3.ap-northeast-2.amazonaws.com/album/e37eac36-ecee-40e3-84f1-b35d26d8d6af.','1668729495186','2022-11-18 08:58:17'),(121,3,1,'https://projectzip.s3.ap-northeast-2.amazonaws.com/album/9e14a88f-1b09-42b8-80df-10edc67d2736.','1668729495339','2022-11-18 08:58:17'),(122,3,1,'https://projectzip.s3.ap-northeast-2.amazonaws.com/album/5bdb5783-d4b1-4060-b20b-55f7414260f0.','1668729495477','2022-11-18 08:58:17'),(123,3,1,'https://projectzip.s3.ap-northeast-2.amazonaws.com/album/f270c192-5b23-4ce3-bc94-6da9951de170.','1668729495611','2022-11-18 08:58:17'),(124,3,1,'https://projectzip.s3.ap-northeast-2.amazonaws.com/album/7002baaa-cb52-4ef8-9f30-5fbd3d320887.','1668729721692','2022-11-18 09:02:08'),(125,3,1,'https://projectzip.s3.ap-northeast-2.amazonaws.com/album/cff812ca-31a0-4ed2-8ed7-c1438b47d6cb.','1668729721869','2022-11-18 09:02:08'),(126,3,1,'https://projectzip.s3.ap-northeast-2.amazonaws.com/album/e1618c5b-e552-4304-8471-0c9631a64d48.','1668731385580','2022-11-18 09:29:47'),(127,3,1,'https://projectzip.s3.ap-northeast-2.amazonaws.com/album/f16145e3-f201-45cd-a95e-c4ba5ba3eb87.','1668731456852','2022-11-18 09:31:00'),(128,3,1,'https://projectzip.s3.ap-northeast-2.amazonaws.com/album/880dd12f-bb59-4689-9b51-32ff1c3001e1.','1668732167681','2022-11-18 09:42:50'),(129,3,1,'https://projectzip.s3.ap-northeast-2.amazonaws.com/album/690b191c-6fb6-4878-8ee8-5fcc0af5976d.','1668732167912','2022-11-18 09:42:50'),(130,3,1,'https://projectzip.s3.ap-northeast-2.amazonaws.com/album/0982d12c-a9ed-4220-810a-4d7721730d77.','1668732168099','2022-11-18 09:42:50'),(131,3,1,'https://projectzip.s3.ap-northeast-2.amazonaws.com/album/137fcc4b-43ab-402f-9f96-e2702edea744.','1668732168284','2022-11-18 09:42:50'),(132,3,1,'https://projectzip.s3.ap-northeast-2.amazonaws.com/album/222d9656-a721-4a52-b15b-5d36675f7eb3.','1668732196016','2022-11-18 09:43:18'),(133,3,1,'https://projectzip.s3.ap-northeast-2.amazonaws.com/album/48b03680-42ff-4278-aa08-361a9280f1df.','1668732196317','2022-11-18 09:43:18'),(134,15,8,'https://projectzip.s3.ap-northeast-2.amazonaws.com/album/0b9bf422-8065-492c-86b1-7b4df2c3363a.','1668733408047','2022-11-18 10:03:32'),(135,15,8,'https://projectzip.s3.ap-northeast-2.amazonaws.com/album/3a0fad38-e1ad-4892-8659-f7e368a62a29.','1668733408172','2022-11-18 10:03:32'),(136,15,8,'https://projectzip.s3.ap-northeast-2.amazonaws.com/album/3b27723f-3538-4051-81c2-f9d2bf79d892.','1668733408281','2022-11-18 10:03:32'),(137,15,8,'https://projectzip.s3.ap-northeast-2.amazonaws.com/album/8484276a-0ade-44bf-8159-3e148ff06314.','1668733408384','2022-11-18 10:03:32'),(138,15,8,'https://projectzip.s3.ap-northeast-2.amazonaws.com/album/22a7a9be-48f7-400e-9cc6-60107d938a38.','1668733408487','2022-11-18 10:03:32'),(139,15,8,'https://projectzip.s3.ap-northeast-2.amazonaws.com/album/d42b4cb8-fd76-4193-9ced-1ced8c0f752b.','1668733408588','2022-11-18 10:03:32'),(140,15,8,'https://projectzip.s3.ap-northeast-2.amazonaws.com/album/284c4652-2339-452c-b467-d486016687c0.','1668733408691','2022-11-18 10:03:32'),(141,15,8,'https://projectzip.s3.ap-northeast-2.amazonaws.com/album/594cf289-b751-47d4-a5e5-0ef25bd11f98.','1668733408799','2022-11-18 10:03:32'),(142,15,8,'https://projectzip.s3.ap-northeast-2.amazonaws.com/album/c5afb5c4-f8b7-4a28-b62b-f8f93e483dc8.','1668733409025','2022-11-18 10:03:32'),(143,15,8,'https://projectzip.s3.ap-northeast-2.amazonaws.com/album/d4dc395f-baec-4e57-a036-341c6be70438.','1668733409142','2022-11-18 10:03:32'),(181,14,12,'https://projectzip.s3.ap-northeast-2.amazonaws.com/album/78bfe582-70ba-40b3-8e5f-fe77c97e793c.','1668745738922','2022-11-18 13:28:59'),(182,14,12,'https://projectzip.s3.ap-northeast-2.amazonaws.com/album/7c37a597-7c93-49cd-b7aa-e1b52468962f.','1668745739339','2022-11-18 13:28:59'),(183,14,12,'https://projectzip.s3.ap-northeast-2.amazonaws.com/album/0a8ded78-0647-4e29-aa4f-8fafb91a8b49.','1668745739716','2022-11-18 13:28:59'),(184,14,12,'https://projectzip.s3.ap-northeast-2.amazonaws.com/album/d4b0e6c9-205e-43c0-b041-55cd6c0f51d9.','1668745740073','2022-11-18 13:28:59'),(185,14,12,'https://projectzip.s3.ap-northeast-2.amazonaws.com/album/e3a2c7c7-43a7-4001-aa43-58ca98b812a3.','1668745740435','2022-11-18 13:28:59'),(186,14,12,'https://projectzip.s3.ap-northeast-2.amazonaws.com/album/bf0a4ad0-e061-4a46-b5e6-4e129dc55a7d.','1668745747129','2022-11-18 13:29:05'),(187,14,13,'https://projectzip.s3.ap-northeast-2.amazonaws.com/album/4e98b22d-6749-44f9-bcc8-cfb3f2130c8f.','1668745765785','2022-11-18 13:29:25'),(188,14,13,'https://projectzip.s3.ap-northeast-2.amazonaws.com/album/ddc3eec0-250b-4430-a42e-0e525e85a2d4.','1668745766107','2022-11-18 13:29:25'),(189,14,13,'https://projectzip.s3.ap-northeast-2.amazonaws.com/album/14b11bc1-18fc-4b85-b431-0dfba51c5fcc.','1668745766461','2022-11-18 13:29:25'),(190,14,13,'https://projectzip.s3.ap-northeast-2.amazonaws.com/album/efe08d98-2e83-4e38-9046-a7212cd0ee41.','1668745766739','2022-11-18 13:29:25'),(191,14,13,'https://projectzip.s3.ap-northeast-2.amazonaws.com/album/4d7c08fa-5314-4675-9598-bfd7d535167d.','1668745767092','2022-11-18 13:29:25'),(192,14,13,'https://projectzip.s3.ap-northeast-2.amazonaws.com/album/53b21b12-4170-416d-bcf9-510bff9fe071.','1668745776590','2022-11-18 13:29:34'),(193,14,14,'https://projectzip.s3.ap-northeast-2.amazonaws.com/album/d9fdd360-d8da-4cfd-a5af-53a67dbc5d2b.','1668745795518','2022-11-18 13:29:54'),(194,14,14,'https://projectzip.s3.ap-northeast-2.amazonaws.com/album/9ef3bcd9-5350-40fd-9871-5ca702103b3c.','1668745795844','2022-11-18 13:29:54'),(195,14,14,'https://projectzip.s3.ap-northeast-2.amazonaws.com/album/51be7dd8-e3a1-4095-922a-89f5e0628abd.','1668745795982','2022-11-18 13:29:54'),(196,14,14,'https://projectzip.s3.ap-northeast-2.amazonaws.com/album/464de890-046e-47b5-8e1a-e976683a5110.','1668745796337','2022-11-18 13:29:54'),(197,16,15,'https://projectzip.s3.ap-northeast-2.amazonaws.com/album/98423567-b9e5-4021-bfef-b33c16316c57.','1668746162152','2022-11-18 13:36:02'),(198,16,15,'https://projectzip.s3.ap-northeast-2.amazonaws.com/album/73214eb1-a02e-49e3-9835-ca95caab9e5e.','1668746162570','2022-11-18 13:36:02'),(199,16,15,'https://projectzip.s3.ap-northeast-2.amazonaws.com/album/b0772f83-3501-4a05-9297-25fb6a11cb59.','1668746162887','2022-11-18 13:36:02'),(200,16,15,'https://projectzip.s3.ap-northeast-2.amazonaws.com/album/e7daca63-7544-42e8-a0b5-7173e5c26472.','1668746163314','2022-11-18 13:36:02'),(201,16,15,'https://projectzip.s3.ap-northeast-2.amazonaws.com/album/e677a01f-e17e-4266-a592-d72020875143.','1668746163611','2022-11-18 13:36:02'),(202,16,15,'https://projectzip.s3.ap-northeast-2.amazonaws.com/album/056ea9f1-9317-4e1d-a157-a016d924aa9f.','1668746169336','2022-11-18 13:36:07'),(203,16,16,'https://projectzip.s3.ap-northeast-2.amazonaws.com/album/687d1aa4-f220-4d66-9ae9-fa6b6921ae90.','1668746188537','2022-11-18 13:36:28'),(204,16,16,'https://projectzip.s3.ap-northeast-2.amazonaws.com/album/0ef23e32-7c75-406e-9f52-3213972efbe1.','1668746188866','2022-11-18 13:36:28'),(205,16,16,'https://projectzip.s3.ap-northeast-2.amazonaws.com/album/9740b0bb-cded-4516-a4c8-a5c78c7ddaf7.','1668746189168','2022-11-18 13:36:28'),(206,16,16,'https://projectzip.s3.ap-northeast-2.amazonaws.com/album/12c940a7-043c-450b-a684-b38e78524724.','1668746189470','2022-11-18 13:36:28'),(207,16,16,'https://projectzip.s3.ap-northeast-2.amazonaws.com/album/899c2748-faa9-4714-b9b3-46753debef1c.','1668746189888','2022-11-18 13:36:28'),(208,16,16,'https://projectzip.s3.ap-northeast-2.amazonaws.com/album/08ab4f28-3274-47c8-aac1-45c641107d91.','1668746196000','2022-11-18 13:36:33'),(209,16,17,'https://projectzip.s3.ap-northeast-2.amazonaws.com/album/21a75abc-9e05-466e-a460-9bc6a3c821e3.','1668746216521','2022-11-18 13:36:55'),(210,16,17,'https://projectzip.s3.ap-northeast-2.amazonaws.com/album/7f4a80f0-8be9-480b-a405-bf9747c2bdc7.','1668746216875','2022-11-18 13:36:55'),(211,16,17,'https://projectzip.s3.ap-northeast-2.amazonaws.com/album/ab5092e4-ca2d-4fcb-b530-9f59a93665db.','1668746217185','2022-11-18 13:36:55'),(212,16,17,'https://projectzip.s3.ap-northeast-2.amazonaws.com/album/f3160a17-47b2-4bc3-8cc9-eb9df7af5008.','1668746672700','2022-11-18 13:44:34'),(213,16,17,'https://projectzip.s3.ap-northeast-2.amazonaws.com/album/9f0bacf6-cb97-4160-b645-fd051f5f1713.','1668746672827','2022-11-18 13:44:34'),(214,16,17,'https://projectzip.s3.ap-northeast-2.amazonaws.com/album/af110ce3-7925-44bf-9066-83dcfe00b65e.','1668746672948','2022-11-18 13:44:34'),(215,16,17,'https://projectzip.s3.ap-northeast-2.amazonaws.com/album/7dcda49f-592a-44dd-9fa2-5fe87c24a20d.','1668748277790','2022-11-18 14:11:19'),(216,16,17,'https://projectzip.s3.ap-northeast-2.amazonaws.com/album/3dfd4e77-5c15-4522-92e7-1cc6068c586e.','1668748277898','2022-11-18 14:11:19'),(217,16,17,'https://projectzip.s3.ap-northeast-2.amazonaws.com/album/60f2591f-dc40-4538-acc5-4468748d5eb3.','1668748278002','2022-11-18 14:11:19'),(243,13,23,'https://projectzip.s3.ap-northeast-2.amazonaws.com/album/a3a8205f-03f7-4498-a2e5-75e2e9a0e674.','1668756179083','2022-11-18 16:22:58'),(244,13,23,'https://projectzip.s3.ap-northeast-2.amazonaws.com/album/ea36bf6c-b7f1-45b4-8867-9a59f90b1c73.','1668756179410','2022-11-18 16:22:58'),(245,13,23,'https://projectzip.s3.ap-northeast-2.amazonaws.com/album/d0f8058b-3d77-49ba-99f8-e160d70a64c0.','1668756179681','2022-11-18 16:22:58'),(246,13,23,'https://projectzip.s3.ap-northeast-2.amazonaws.com/album/372e6971-1cfb-476a-954d-ec36c6aa992c.','1668756179954','2022-11-18 16:22:58'),(247,13,23,'https://projectzip.s3.ap-northeast-2.amazonaws.com/album/128478b4-6169-474a-b8ed-b4b38f66e242.','1668756180235','2022-11-18 16:22:58'),(260,13,23,'https://projectzip.s3.ap-northeast-2.amazonaws.com/album/249c5a86-a350-4d0c-85fd-b68fc5468dd4.','1668757104113','2022-11-18 16:38:21'),(262,10,26,'https://projectzip.s3.ap-northeast-2.amazonaws.com/album/fb0aee1d-9bcd-45bf-b804-6aec3f6a3b6a.','1668762157460','2022-11-18 18:02:43'),(263,10,26,'https://projectzip.s3.ap-northeast-2.amazonaws.com/album/a2ee4282-84bd-45d2-a15b-95362dc412d2.','1668762157750','2022-11-18 18:02:43'),(264,10,26,'https://projectzip.s3.ap-northeast-2.amazonaws.com/album/f32d04ae-5cf2-4171-9524-9c7c991da119.','1668762158034','2022-11-18 18:02:43'),(265,10,26,'https://projectzip.s3.ap-northeast-2.amazonaws.com/album/c494c571-46c0-4cd9-856f-bbbe54e4ab84.','1668762158316','2022-11-18 18:02:43'),(266,10,26,'https://projectzip.s3.ap-northeast-2.amazonaws.com/album/a0cc491a-291a-4713-a1af-d82bc3ad80f8.','1668762158619','2022-11-18 18:02:43'),(267,10,26,'https://projectzip.s3.ap-northeast-2.amazonaws.com/album/6e869e14-5c6f-4c66-88f2-fa2e3e1dfc1c.','1668762158870','2022-11-18 18:02:43'),(269,12,23,'https://projectzip.s3.ap-northeast-2.amazonaws.com/album/2ebc9789-f91a-4ca4-b6d1-a6fdaf34f6f9.','1668763185505','2022-11-18 18:19:43'),(284,10,19,'https://projectzip.s3.ap-northeast-2.amazonaws.com/album/c4b88086-80e4-4e2f-9cb1-d46bb5ee504c.','1668776142207','2022-11-18 21:55:47'),(285,10,19,'https://projectzip.s3.ap-northeast-2.amazonaws.com/album/827a4deb-c8a2-4bd1-b0e1-23a692eb2371.','1668776142402','2022-11-18 21:55:47'),(286,10,19,'https://projectzip.s3.ap-northeast-2.amazonaws.com/album/3d92b2a6-d9d5-4363-af70-65fef2bf18b1.','1668776142575','2022-11-18 21:55:47'),(287,10,19,'https://projectzip.s3.ap-northeast-2.amazonaws.com/album/b75f9c98-dd93-4676-ada4-60a7b658961c.','1668776142755','2022-11-18 21:55:47'),(288,10,19,'https://projectzip.s3.ap-northeast-2.amazonaws.com/album/85759bf0-a861-4a64-bfd3-5f705ba2124c.','1668776142947','2022-11-18 21:55:47'),(289,10,19,'https://projectzip.s3.ap-northeast-2.amazonaws.com/album/9943cca4-c1f0-4663-8197-5c9905e9fb75.','1668776143133','2022-11-18 21:55:47'),(290,10,19,'https://projectzip.s3.ap-northeast-2.amazonaws.com/album/7c6cf97e-b9c4-4c31-bf0f-41cc3ecef9ab.','1668776143324','2022-11-18 21:55:47'),(291,12,19,'https://projectzip.s3.ap-northeast-2.amazonaws.com/album/e6a41a0f-6ba0-4189-af73-c47ba11578a2.','1668776666710','2022-11-18 22:04:25'),(292,12,19,'https://projectzip.s3.ap-northeast-2.amazonaws.com/album/df76d187-0102-425f-ad3a-df0a8e2232b5.','1668776667080','2022-11-18 22:04:25'),(293,12,19,'https://projectzip.s3.ap-northeast-2.amazonaws.com/album/b86a7b88-346f-471e-855a-7b717a344be3.','1668776667471','2022-11-18 22:04:25'),(294,12,19,'https://projectzip.s3.ap-northeast-2.amazonaws.com/album/859963ba-0954-4767-ae4e-4a16faa9aea9.','1668776667855','2022-11-18 22:04:25'),(295,12,19,'https://projectzip.s3.ap-northeast-2.amazonaws.com/album/50916fec-1184-4482-9744-e32f46c1b9cb.','1668776675152','2022-11-18 22:04:32'),(303,13,23,'https://projectzip.s3.ap-northeast-2.amazonaws.com/album/e2357177-ec8d-4a1b-bbde-a7177a7d9908.','1668779474742','2022-11-18 22:51:11'),(308,11,19,'https://projectzip.s3.ap-northeast-2.amazonaws.com/album/acdc7f36-cc1d-4e7e-b4d9-4a305e17fa6f.','1668783031913','2022-11-18 23:50:32'),(309,11,19,'https://projectzip.s3.ap-northeast-2.amazonaws.com/album/fa1e87ab-99d7-4e6c-8f69-30430b507b3a.','1668783032001','2022-11-18 23:50:32'),(310,13,23,'https://projectzip.s3.ap-northeast-2.amazonaws.com/album/a3c4cdf0-f5d2-4425-969a-8b699d92c8c9.','1668784092027','2022-11-19 00:08:08'),(311,13,23,'https://projectzip.s3.ap-northeast-2.amazonaws.com/album/ae464926-652f-4f6e-a8f0-07eca6b55319.','1668785430442','2022-11-19 00:30:27'),(312,13,23,'https://projectzip.s3.ap-northeast-2.amazonaws.com/album/b005a64b-d4c1-4647-b70d-b87813f82b6e.','1668785936939','2022-11-19 00:38:53'),(313,13,23,'https://projectzip.s3.ap-northeast-2.amazonaws.com/album/d5cd4f37-78a6-42bb-9037-144d6107ddab.','1668786100252','2022-11-19 00:41:37'),(314,13,23,'https://projectzip.s3.ap-northeast-2.amazonaws.com/album/477185ed-4928-4cd3-9ae4-7e75f12772e6.','1668786779185','2022-11-19 00:52:56'),(315,13,23,'https://projectzip.s3.ap-northeast-2.amazonaws.com/album/05bd6dd9-f2e0-4299-a98e-b9fc8cc1b852.','1668786927325','2022-11-19 00:55:24'),(316,13,23,'https://projectzip.s3.ap-northeast-2.amazonaws.com/album/f9d138a7-f476-4691-936a-b55b337a3368.','1668787074562','2022-11-19 00:57:51'),(317,13,26,'https://projectzip.s3.ap-northeast-2.amazonaws.com/album/d0d6be7f-b1ca-4c7b-9025-27cb0a252bec.','1668793235605','2022-11-19 02:40:42'),(318,13,26,'https://projectzip.s3.ap-northeast-2.amazonaws.com/album/21538ccd-2f29-42ad-b1d5-b5184dba6196.','1668793303236','2022-11-19 02:41:55'),(319,13,26,'https://projectzip.s3.ap-northeast-2.amazonaws.com/album/9833c30f-a0cd-40de-9221-6794ee6e000a.','1668793569305','2022-11-19 02:46:20'),(320,13,26,'https://projectzip.s3.ap-northeast-2.amazonaws.com/album/a7b5f187-8dd6-4204-a486-544aa4b921b8.','1668793775855','2022-11-19 02:49:41'),(321,13,26,'https://projectzip.s3.ap-northeast-2.amazonaws.com/album/25e3cd10-9ded-4360-af2e-855152ce22bf.','1668793880922','2022-11-19 02:51:31'),(322,13,26,'https://projectzip.s3.ap-northeast-2.amazonaws.com/album/64d765bd-e179-421c-97fb-c7c08f0359b2.','1668817825978','2022-11-19 09:30:27'),(323,13,26,'https://projectzip.s3.ap-northeast-2.amazonaws.com/album/6d2e6470-51e5-4ae1-a3d2-8bfd20fd0f3a.','1668818689509','2022-11-19 09:44:55'),(324,13,26,'https://projectzip.s3.ap-northeast-2.amazonaws.com/album/82c8d30c-f355-43dd-abbd-fdff943481ce.','1668818863744','2022-11-19 09:47:49'),(325,13,26,'https://projectzip.s3.ap-northeast-2.amazonaws.com/album/2c1da5b7-fca4-4118-93de-c7507601bda9.','1668819754795','2022-11-19 10:02:35'),(326,13,26,'https://projectzip.s3.ap-northeast-2.amazonaws.com/album/5290a665-767e-4d2a-8238-72de856757aa.','1668820142960','2022-11-19 10:09:09'),(327,13,26,'https://projectzip.s3.ap-northeast-2.amazonaws.com/album/0cbf62e3-b117-4be8-a52b-c49cc55716e8.','1668820310343','2022-11-19 10:11:51'),(328,13,26,'https://projectzip.s3.ap-northeast-2.amazonaws.com/album/f29837b9-c65c-4e7c-8652-d045bfbf697a.','1668820467986','2022-11-19 10:14:34'),(329,13,26,'https://projectzip.s3.ap-northeast-2.amazonaws.com/album/4e023a39-88eb-4888-8a87-57d12127d709.','1668820540676','2022-11-19 10:15:47'),(330,11,19,'https://projectzip.s3.ap-northeast-2.amazonaws.com/album/ac747f45-47d6-4576-b2a7-9a8fb18832c3.','1668822484289','2022-11-19 10:48:04'),(331,11,19,'https://projectzip.s3.ap-northeast-2.amazonaws.com/album/ca492577-75ce-4a96-bd51-fc5e596a9c53.','1668822484396','2022-11-19 10:48:04'),(332,11,19,'https://projectzip.s3.ap-northeast-2.amazonaws.com/album/6a2eb633-7623-4648-9720-b84bcee922aa.','1668826708700','2022-11-19 11:58:28'),(333,11,19,'https://projectzip.s3.ap-northeast-2.amazonaws.com/album/cb0dad49-962d-4abb-ab44-0fb1c94dccad.','1668826708820','2022-11-19 11:58:28'),(334,11,19,'https://projectzip.s3.ap-northeast-2.amazonaws.com/album/d1b747cd-69bb-4a06-bdcf-b7d9e3d88bf2.','1668828474071','2022-11-19 12:27:54'),(335,11,19,'https://projectzip.s3.ap-northeast-2.amazonaws.com/album/3fcda2d0-39c6-4b46-a281-2d7a9d1985f7.','1668828474164','2022-11-19 12:27:54');
/*!40000 ALTER TABLE `picture` ENABLE KEYS */;
UNLOCK TABLES;

--
-- Table structure for table `point`
--

DROP TABLE IF EXISTS `point`;
/*!40101 SET @saved_cs_client     = @@character_set_client */;
/*!50503 SET character_set_client = utf8mb4 */;
CREATE TABLE `point` (
  `id` bigint NOT NULL AUTO_INCREMENT,
  `reg` datetime NOT NULL DEFAULT CURRENT_TIMESTAMP,
  `family_id` bigint NOT NULL,
  `user_id` bigint DEFAULT NULL,
  `code` varchar(255) DEFAULT NULL,
  `is_mission` tinyint NOT NULL,
  `furniture_id` bigint DEFAULT NULL,
  PRIMARY KEY (`id`),
  UNIQUE KEY `id_UNIQUE` (`id`),
  KEY `FK_family_TO_point_1` (`family_id`),
  KEY `FK_user_TO_point_1` (`user_id`),
  KEY `FK_common_code_TO_point_1` (`code`),
  KEY `FK_furniture_TO_point_1_idx` (`furniture_id`),
  CONSTRAINT `FK_code_TO_point_1` FOREIGN KEY (`code`) REFERENCES `common_code` (`code`),
  CONSTRAINT `FK_family_TO_point_1` FOREIGN KEY (`family_id`) REFERENCES `family` (`id`),
  CONSTRAINT `FK_furnitur_id_TO_point_1` FOREIGN KEY (`furniture_id`) REFERENCES `furniture` (`id`) ON DELETE RESTRICT ON UPDATE RESTRICT,
  CONSTRAINT `FK_user_TO_point_1` FOREIGN KEY (`user_id`) REFERENCES `user` (`id`)
) ENGINE=InnoDB AUTO_INCREMENT=479 DEFAULT CHARSET=utf8mb4 COLLATE=utf8mb4_0900_ai_ci;
/*!40101 SET character_set_client = @saved_cs_client */;

--
-- Dumping data for table `point`
--

LOCK TABLES `point` WRITE;
/*!40000 ALTER TABLE `point` DISABLE KEYS */;
INSERT INTO `point` VALUES (1,'2022-11-16 01:27:56',3,1,'M1101',1,NULL),(2,'2022-11-16 01:28:28',3,1,'M1101',1,NULL),(3,'2022-11-16 01:28:38',3,1,'M1101',1,NULL),(4,'2022-11-16 01:31:21',3,1,'M1201',1,NULL),(5,'2022-11-16 01:31:41',3,2,'M0121',1,NULL),(6,'2022-11-16 01:31:50',3,2,'M0122',1,NULL),(7,'2022-11-16 01:31:55',3,2,'M0122',1,NULL),(8,'2022-11-16 01:32:17',3,2,'M0101',1,NULL),(9,'2022-11-16 01:32:53',3,2,'M1101',1,NULL),(10,'2022-11-16 01:35:23',3,1,'M0101',1,NULL),(11,'2022-11-16 01:37:50',3,3,'M0101',1,NULL),(12,'2022-11-16 01:41:37',3,1,'M0121',1,NULL),(13,'2022-11-16 01:43:24',3,4,'M0101',1,NULL),(14,'2022-11-16 01:44:18',3,5,'M0101',1,NULL),(15,'2022-11-16 01:45:45',3,1,'M1101',1,NULL),(16,'2022-11-16 01:45:53',3,1,'M1101',1,NULL),(17,'2022-11-16 01:46:16',3,1,'M1201',1,NULL),(18,'2022-11-16 01:47:51',3,1,'M0122',1,NULL),(19,'2022-11-16 01:48:13',3,1,'M0121',1,NULL),(20,'2022-11-16 01:49:04',3,2,'M0122',1,NULL),(21,'2022-11-16 01:54:44',3,8,'M0101',1,NULL),(22,'2022-11-16 01:54:44',3,8,'M0102',1,NULL),(23,'2022-11-16 01:57:38',3,8,NULL,0,119),(24,'2022-11-16 02:01:24',3,4,'M1201',1,NULL),(25,'2022-11-16 02:01:50',3,4,'M1201',1,NULL),(26,'2022-11-16 02:02:45',3,8,NULL,0,186),(27,'2022-11-16 02:02:55',3,3,NULL,0,93),(28,'2022-11-16 02:02:57',3,3,NULL,0,93),(29,'2022-11-16 02:03:01',3,2,NULL,0,109),(30,'2022-11-16 02:03:04',3,3,NULL,0,128),(31,'2022-11-16 02:03:21',3,3,NULL,0,30),(32,'2022-11-16 02:03:31',3,8,NULL,0,107),(33,'2022-11-16 02:04:12',3,5,NULL,0,85),(34,'2022-11-16 02:04:16',3,2,NULL,0,39),(35,'2022-11-16 02:04:44',3,2,NULL,0,23),(36,'2022-11-16 02:05:02',3,1,NULL,0,78),(37,'2022-11-16 02:05:05',3,3,'M1101',1,NULL),(38,'2022-11-16 02:05:08',3,8,NULL,0,206),(39,'2022-11-16 02:05:12',3,1,NULL,0,156),(40,'2022-11-16 02:05:22',3,1,NULL,0,53),(41,'2022-11-16 02:05:44',3,1,NULL,0,18),(42,'2022-11-16 02:06:12',3,1,NULL,0,4),(43,'2022-11-16 02:06:51',3,3,NULL,0,220),(44,'2022-11-16 02:08:50',3,8,'M0122',1,NULL),(45,'2022-11-16 02:10:28',3,1,NULL,0,215),(46,'2022-11-16 02:10:45',3,1,NULL,0,216),(47,'2022-11-16 02:10:51',3,8,NULL,0,210),(48,'2022-11-16 02:11:04',3,4,'M1201',1,NULL),(49,'2022-11-16 02:11:41',3,4,'M1201',1,NULL),(50,'2022-11-16 02:12:03',3,4,'M1201',1,NULL),(51,'2022-11-16 02:13:01',3,8,'M1201',1,NULL),(52,'2022-11-16 02:14:13',3,2,'M1201',1,NULL),(53,'2022-11-16 02:16:45',3,8,NULL,0,210),(54,'2022-11-16 02:21:34',3,3,NULL,0,131),(55,'2022-11-16 02:23:02',3,1,NULL,0,75),(56,'2022-11-16 02:23:03',3,1,NULL,0,76),(57,'2022-11-16 02:37:47',3,8,NULL,0,210),(58,'2022-11-16 08:46:57',3,2,'M0122',1,NULL),(59,'2022-11-16 08:47:12',3,2,'M0122',1,NULL),(60,'2022-11-16 09:01:34',3,2,'M0111',1,NULL),(61,'2022-11-16 09:03:41',3,5,'M0111',1,NULL),(62,'2022-11-16 09:12:23',3,8,'M0111',1,NULL),(63,'2022-11-16 09:13:18',3,8,NULL,0,112),(64,'2022-11-16 09:13:35',3,8,NULL,0,196),(65,'2022-11-16 09:24:34',3,4,'M0111',1,NULL),(66,'2022-11-16 09:26:25',3,4,'M0121',1,NULL),(67,'2022-11-16 09:29:12',3,4,'M1201',1,NULL),(68,'2022-11-16 09:29:15',3,2,'M1201',1,NULL),(69,'2022-11-16 09:37:30',3,2,'M0122',1,NULL),(70,'2022-11-16 09:56:45',3,5,'M1201',1,NULL),(71,'2022-11-16 09:58:25',3,5,'M0111',1,NULL),(72,'2022-11-16 09:59:10',3,4,'M0111',1,NULL),(73,'2022-11-16 10:04:07',3,4,'M1201',1,NULL),(74,'2022-11-16 10:05:23',3,4,'M1201',1,NULL),(75,'2022-11-16 10:06:30',3,8,'M0111',1,NULL),(76,'2022-11-16 10:12:16',3,4,'M1201',1,NULL),(77,'2022-11-16 10:16:32',3,4,'M1201',1,NULL),(78,'2022-11-16 10:30:54',3,5,'M1201',1,NULL),(79,'2022-11-16 10:38:07',3,2,'M0111',1,NULL),(80,'2022-11-16 10:48:21',3,3,NULL,0,153),(81,'2022-11-16 10:48:50',3,3,NULL,0,184),(82,'2022-11-16 10:52:26',3,3,NULL,0,185),(83,'2022-11-16 10:52:28',3,3,NULL,0,187),(84,'2022-11-16 11:20:43',3,2,'M1201',1,NULL),(85,'2022-11-16 11:25:47',3,2,'M1201',1,NULL),(86,'2022-11-16 11:28:36',3,2,'M1201',1,NULL),(87,'2022-11-16 11:29:19',3,2,'M1201',1,NULL),(88,'2022-11-16 11:29:40',3,2,'M0122',1,NULL),(89,'2022-11-16 12:30:52',3,2,'M0122',1,NULL),(90,'2022-11-16 12:32:20',3,2,'M1201',1,NULL),(91,'2022-11-16 12:43:57',3,4,'M0121',1,NULL),(92,'2022-11-16 12:55:52',3,2,'M0122',1,NULL),(93,'2022-11-16 12:55:58',3,8,NULL,0,210),(94,'2022-11-16 12:56:05',3,2,'M0122',1,NULL),(95,'2022-11-16 12:56:16',3,8,NULL,0,210),(96,'2022-11-16 12:56:59',3,8,NULL,0,210),(97,'2022-11-16 12:58:09',3,2,'M0122',1,NULL),(98,'2022-11-16 12:58:19',3,2,'M0122',1,NULL),(99,'2022-11-16 12:58:31',3,8,NULL,0,12),(100,'2022-11-16 13:10:19',3,2,'M1201',1,NULL),(101,'2022-11-16 13:10:44',3,2,'M1201',1,NULL),(102,'2022-11-16 13:34:46',3,8,NULL,0,210),(103,'2022-11-16 13:35:49',3,8,NULL,0,210),(104,'2022-11-16 13:37:02',3,8,NULL,0,210),(105,'2022-11-16 13:38:25',3,8,NULL,0,217),(106,'2022-11-16 13:39:01',3,8,NULL,0,201),(107,'2022-11-16 13:39:26',3,8,NULL,0,210),(108,'2022-11-16 13:39:56',3,8,NULL,0,210),(109,'2022-11-16 13:40:14',3,8,NULL,0,210),(110,'2022-11-16 13:47:30',3,8,NULL,0,148),(111,'2022-11-16 13:47:46',3,8,NULL,0,179),(112,'2022-11-16 13:48:20',3,8,NULL,0,204),(113,'2022-11-16 13:48:51',3,8,NULL,0,200),(114,'2022-11-16 13:49:10',3,8,NULL,0,173),(115,'2022-11-16 13:49:21',3,8,NULL,0,122),(116,'2022-11-16 13:49:33',3,8,NULL,0,124),(117,'2022-11-16 13:49:38',3,8,NULL,0,126),(118,'2022-11-16 13:49:42',3,8,NULL,0,127),(119,'2022-11-16 13:49:47',3,8,NULL,0,118),(120,'2022-11-16 13:50:14',3,8,NULL,0,96),(121,'2022-11-16 13:50:26',3,8,NULL,0,86),(122,'2022-11-16 13:50:45',3,8,NULL,0,213),(123,'2022-11-16 13:51:09',3,8,NULL,0,188),(124,'2022-11-16 13:51:42',3,8,NULL,0,214),(125,'2022-11-16 13:52:17',3,8,NULL,0,44),(126,'2022-11-16 14:21:24',3,3,NULL,0,25),(127,'2022-11-16 14:43:28',3,8,NULL,0,88),(128,'2022-11-16 14:43:34',3,8,NULL,0,90),(129,'2022-11-16 14:43:37',3,8,NULL,0,91),(130,'2022-11-16 15:12:19',3,2,'M0122',1,NULL),(131,'2022-11-16 15:12:19',3,2,'M9999',1,NULL),(132,'2022-11-16 17:45:52',3,2,'M1201',1,NULL),(133,'2022-11-16 17:47:07',3,5,NULL,0,6),(134,'2022-11-16 17:48:07',3,5,NULL,0,77),(135,'2022-11-16 21:21:35',3,3,'M1101',1,NULL),(136,'2022-11-16 21:21:59',3,3,'M1101',1,NULL),(137,'2022-11-16 21:22:45',3,8,'M1101',1,NULL),(138,'2022-11-16 21:22:45',3,8,'M1101',1,NULL),(139,'2022-11-16 21:23:30',3,8,'M1101',1,NULL),(140,'2022-11-16 21:26:40',3,1,'M1101',1,NULL),(141,'2022-11-16 23:24:08',3,8,'M1101',1,NULL),(142,'2022-11-17 00:28:41',3,1,'M0111',1,NULL),(143,'2022-11-17 00:32:03',3,2,'M0121',1,NULL),(144,'2022-11-17 00:32:45',3,2,'M0101',1,NULL),(145,'2022-11-17 00:37:47',3,3,'M0111',1,NULL),(146,'2022-11-17 00:39:39',3,2,'M0111',1,NULL),(147,'2022-11-17 00:55:27',3,3,NULL,0,27),(148,'2022-11-17 02:06:42',3,8,'M1101',1,NULL),(149,'2022-11-17 02:10:21',3,8,'M1101',1,NULL),(150,'2022-11-17 02:35:34',3,1,'M0122',1,NULL),(151,'2022-11-17 02:53:45',3,1,'M0101',1,NULL),(152,'2022-11-17 02:56:07',3,1,'M0111',1,NULL),(153,'2022-11-17 02:56:29',3,1,'M0122',1,NULL),(154,'2022-11-17 03:23:01',3,1,'M0122',1,NULL),(155,'2022-11-17 03:23:03',3,1,'M0122',1,NULL),(156,'2022-11-17 03:23:10',3,1,'M0122',1,NULL),(157,'2022-11-17 09:45:39',3,5,'M0111',1,NULL),(158,'2022-11-17 10:26:44',3,3,'M1101',1,NULL),(159,'2022-11-17 10:26:54',3,3,'M1101',1,NULL),(160,'2022-11-17 10:27:28',3,3,'M1101',1,NULL),(161,'2022-11-17 12:40:34',3,4,'M0101',1,NULL),(162,'2022-11-17 12:50:44',3,2,'M0122',1,NULL),(163,'2022-11-17 13:13:31',3,5,NULL,0,61),(164,'2022-11-17 13:13:58',3,5,NULL,0,74),(165,'2022-11-17 13:14:44',3,5,NULL,0,81),(166,'2022-11-17 13:14:57',3,5,NULL,0,87),(167,'2022-11-17 13:15:01',3,8,'M1101',1,NULL),(168,'2022-11-17 13:22:01',3,5,'M0121',1,NULL),(169,'2022-11-17 13:22:01',5,12,'M9101',1,NULL),(170,'2022-11-17 13:40:20',5,12,'M0111',1,NULL),(171,'2022-11-17 13:41:06',5,13,'M0111',1,NULL),(172,'2022-11-17 13:42:16',5,12,'M0101',1,NULL),(173,'2022-11-17 13:50:29',5,11,'M0111',1,NULL),(174,'2022-11-17 13:50:57',5,10,'M0111',1,NULL),(175,'2022-11-17 13:50:57',5,10,'M0112',1,NULL),(176,'2022-11-17 13:51:09',5,13,'M0101',1,NULL),(177,'2022-11-17 13:51:14',5,11,'M0101',1,NULL),(178,'2022-11-17 13:52:11',5,10,'M0101',1,NULL),(179,'2022-11-17 13:52:11',5,10,'M0102',1,NULL),(180,'2022-11-17 13:55:20',5,11,'M0111',1,NULL),(181,'2022-11-17 13:56:27',5,10,'M0111',1,NULL),(182,'2022-11-17 13:57:04',5,12,'M0111',1,NULL),(183,'2022-11-17 13:57:52',5,13,'M0111',1,NULL),(184,'2022-11-17 13:57:52',5,13,'M0112',1,NULL),(185,'2022-11-17 13:59:36',5,11,'M1201',1,NULL),(186,'2022-11-17 14:00:03',5,10,'M0111',1,NULL),(187,'2022-11-17 14:00:17',5,11,'M0111',1,NULL),(188,'2022-11-17 14:01:06',5,13,'M0111',1,NULL),(189,'2022-11-17 14:02:10',5,12,'M0111',1,NULL),(190,'2022-11-17 14:02:10',5,12,'M0112',1,NULL),(191,'2022-11-17 14:03:25',5,11,'M0101',1,NULL),(192,'2022-11-17 14:03:57',5,12,'M0101',1,NULL),(193,'2022-11-17 14:03:57',5,11,'M0121',1,NULL),(194,'2022-11-17 14:04:16',5,12,'M0122',1,NULL),(195,'2022-11-17 14:05:00',5,13,'M0101',1,NULL),(196,'2022-11-17 14:05:27',5,11,'M0122',1,NULL),(197,'2022-11-17 14:05:53',5,10,'M0101',1,NULL),(198,'2022-11-17 14:05:53',5,10,'M0102',1,NULL),(199,'2022-11-17 14:07:18',5,11,'M0101',1,NULL),(200,'2022-11-17 14:07:45',5,13,'M0101',1,NULL),(201,'2022-11-17 14:07:52',5,12,'M0101',1,NULL),(202,'2022-11-17 14:08:58',5,10,'M0101',1,NULL),(203,'2022-11-17 14:08:58',5,10,'M0102',1,NULL),(204,'2022-11-17 14:10:07',5,10,'M0111',1,NULL),(205,'2022-11-17 14:10:19',5,12,'M0111',1,NULL),(206,'2022-11-17 14:11:02',5,10,'M0101',1,NULL),(207,'2022-11-17 14:11:56',5,11,'M0111',1,NULL),(208,'2022-11-17 14:12:04',5,13,'M0111',1,NULL),(209,'2022-11-17 14:12:04',5,13,'M0112',1,NULL),(210,'2022-11-17 14:13:01',5,11,'M0101',1,NULL),(211,'2022-11-17 14:13:14',5,12,'M0101',1,NULL),(212,'2022-11-17 14:14:47',5,11,'M1201',1,NULL),(213,'2022-11-17 14:15:28',5,13,'M0101',1,NULL),(214,'2022-11-17 14:15:28',5,13,'M0102',1,NULL),(215,'2022-11-17 14:15:33',5,11,'M1201',1,NULL),(216,'2022-11-17 14:15:59',5,11,'M1201',1,NULL),(217,'2022-11-17 14:17:10',5,10,'M1201',1,NULL),(218,'2022-11-17 14:22:31',5,12,'M1101',1,NULL),(219,'2022-11-17 14:24:09',5,12,'M1101',1,NULL),(220,'2022-11-17 14:28:59',5,11,'M1101',1,NULL),(221,'2022-11-17 14:29:24',5,11,'M1101',1,NULL),(222,'2022-11-17 14:29:35',5,11,'M1101',1,NULL),(223,'2022-11-17 14:30:09',5,11,'M1101',1,NULL),(224,'2022-11-17 14:30:14',5,11,'M1101',1,NULL),(225,'2022-11-17 14:30:25',5,11,'M1101',1,NULL),(226,'2022-11-17 14:36:02',3,3,NULL,0,180),(227,'2022-11-17 14:36:52',5,13,NULL,0,132),(228,'2022-11-17 14:36:54',5,11,'M1101',1,NULL),(229,'2022-11-17 14:36:58',5,13,NULL,0,158),(230,'2022-11-17 14:37:07',5,13,NULL,0,182),(231,'2022-11-17 14:37:29',5,13,NULL,0,102),(232,'2022-11-17 14:37:36',5,13,NULL,0,86),(233,'2022-11-17 14:37:51',5,13,NULL,0,57),(234,'2022-11-17 14:38:04',5,13,NULL,0,39),(235,'2022-11-17 14:38:35',5,11,'M0121',1,NULL),(236,'2022-11-17 14:38:37',5,13,NULL,0,27),(237,'2022-11-17 14:38:43',5,13,NULL,0,5),(238,'2022-11-17 14:38:55',5,13,NULL,0,18),(239,'2022-11-17 14:39:05',5,13,NULL,0,201),(240,'2022-11-17 14:59:06',5,13,'M1101',1,NULL),(241,'2022-11-17 15:01:02',5,13,'M1101',1,NULL),(242,'2022-11-17 15:02:55',5,13,'M1101',1,NULL),(243,'2022-11-17 15:03:32',3,3,NULL,0,209),(244,'2022-11-17 15:03:44',3,3,NULL,0,210),(245,'2022-11-17 15:12:49',3,3,NULL,0,78),(246,'2022-11-17 15:12:53',3,3,NULL,0,76),(247,'2022-11-17 15:13:05',3,3,NULL,0,77),(248,'2022-11-17 15:14:19',5,13,'M0121',1,NULL),(249,'2022-11-17 15:15:33',5,12,'M0122',1,NULL),(250,'2022-11-17 15:15:43',3,3,NULL,0,197),(251,'2022-11-17 15:16:14',5,13,'M0122',1,NULL),(252,'2022-11-17 15:16:33',5,13,'M0122',1,NULL),(253,'2022-11-17 15:18:01',3,3,NULL,0,211),(254,'2022-11-17 15:20:55',5,12,'M0121',1,NULL),(255,'2022-11-17 15:22:25',5,11,'M0122',1,NULL),(256,'2022-11-17 15:23:13',5,11,'M0121',1,NULL),(257,'2022-11-17 15:28:02',5,10,'M0122',1,NULL),(258,'2022-11-17 15:40:32',3,3,NULL,0,196),(259,'2022-11-17 15:58:19',5,12,NULL,0,114),(260,'2022-11-17 16:04:15',5,12,'M1101',1,NULL),(261,'2022-11-17 16:10:58',5,10,'M1101',1,NULL),(262,'2022-11-17 16:11:06',5,12,'M1101',1,NULL),(263,'2022-11-17 16:11:20',5,10,'M1101',1,NULL),(264,'2022-11-17 16:11:36',5,12,'M1101',1,NULL),(265,'2022-11-17 16:11:48',5,12,'M1101',1,NULL),(266,'2022-11-17 16:12:00',5,12,'M1101',1,NULL),(267,'2022-11-17 16:12:03',5,10,'M1101',1,NULL),(268,'2022-11-17 16:12:19',5,12,'M1101',1,NULL),(269,'2022-11-17 16:12:27',5,10,'M1101',1,NULL),(270,'2022-11-17 16:12:59',5,12,'M1101',1,NULL),(271,'2022-11-17 16:13:22',5,12,'M1101',1,NULL),(272,'2022-11-17 16:14:15',5,12,'M1101',1,NULL),(273,'2022-11-17 16:14:39',5,12,'M1101',1,NULL),(274,'2022-11-17 16:14:48',5,10,'M1101',1,NULL),(275,'2022-11-17 16:17:59',5,13,'M1201',1,NULL),(276,'2022-11-17 16:58:11',5,11,'M0111',1,NULL),(277,'2022-11-17 16:58:11',5,11,'M0112',1,NULL),(278,'2022-11-17 17:00:24',5,11,'M0111',1,NULL),(279,'2022-11-17 17:00:24',5,11,'M0112',1,NULL),(280,'2022-11-17 17:12:01',5,11,'M0111',1,NULL),(281,'2022-11-17 17:12:01',5,11,'M0112',1,NULL),(282,'2022-11-17 23:10:08',5,11,NULL,0,185),(283,'2022-11-17 23:51:14',3,2,NULL,0,154),(284,'2022-11-17 23:51:16',3,2,NULL,0,154),(285,'2022-11-18 01:56:04',5,13,NULL,0,49),(286,'2022-11-18 02:03:01',5,11,'M0111',1,NULL),(287,'2022-11-18 08:54:38',3,3,'M1101',1,NULL),(288,'2022-11-18 08:57:21',3,3,'M1101',1,NULL),(289,'2022-11-18 08:58:17',3,3,'M1101',1,NULL),(290,'2022-11-18 09:02:08',3,3,'M1101',1,NULL),(291,'2022-11-18 09:29:47',3,3,'M1101',1,NULL),(292,'2022-11-18 09:31:00',3,3,'M1101',1,NULL),(293,'2022-11-18 09:42:50',3,3,'M1101',1,NULL),(294,'2022-11-18 09:43:18',3,3,'M1101',1,NULL),(295,'2022-11-18 09:43:18',6,14,'M9999',1,NULL),(296,'2022-11-18 10:03:32',6,15,'M1101',1,NULL),(297,'2022-11-18 10:04:32',6,15,'M1101',1,NULL),(298,'2022-11-18 10:26:26',6,14,NULL,0,128),(299,'2022-11-18 10:26:29',6,14,NULL,0,153),(300,'2022-11-18 10:26:33',6,14,NULL,0,178),(301,'2022-11-18 10:26:36',6,14,NULL,0,1),(302,'2022-11-18 10:26:39',6,14,NULL,0,12),(303,'2022-11-18 10:26:42',6,14,NULL,0,25),(304,'2022-11-18 10:26:44',6,14,NULL,0,36),(305,'2022-11-18 10:27:42',6,14,NULL,0,75),(306,'2022-11-18 10:27:46',6,14,NULL,0,49),(307,'2022-11-18 10:27:50',6,14,NULL,0,195),(308,'2022-11-18 10:27:54',6,14,NULL,0,209),(309,'2022-11-18 10:27:58',6,14,NULL,0,117),(310,'2022-11-18 10:28:01',6,14,NULL,0,106),(311,'2022-11-18 10:28:03',6,14,NULL,0,92),(312,'2022-11-18 10:49:25',6,15,NULL,0,27),(313,'2022-11-18 10:49:43',6,15,NULL,0,10),(314,'2022-11-18 10:50:09',6,15,NULL,0,15),(315,'2022-11-18 10:50:14',6,15,NULL,0,37),(316,'2022-11-18 10:50:20',6,15,NULL,0,196),(317,'2022-11-18 10:50:24',6,15,NULL,0,214),(318,'2022-11-18 10:50:30',6,15,NULL,0,97),(319,'2022-11-18 10:50:42',6,15,NULL,0,110),(320,'2022-11-18 10:50:52',6,15,NULL,0,123),(321,'2022-11-18 10:53:17',6,15,NULL,0,78),(322,'2022-11-18 10:53:24',6,15,NULL,0,182),(323,'2022-11-18 13:01:19',5,12,'M0101',1,NULL),(324,'2022-11-18 13:23:39',5,12,'M1101',1,NULL),(325,'2022-11-18 13:23:49',5,12,'M1101',1,NULL),(326,'2022-11-18 13:24:42',5,12,'M1101',1,NULL),(327,'2022-11-18 13:24:48',5,12,'M1101',1,NULL),(328,'2022-11-18 13:25:13',5,12,'M1101',1,NULL),(329,'2022-11-18 13:25:22',5,12,'M1101',1,NULL),(330,'2022-11-18 13:28:59',6,14,'M1101',1,NULL),(331,'2022-11-18 13:29:05',6,14,'M1101',1,NULL),(332,'2022-11-18 13:29:25',6,14,'M1101',1,NULL),(333,'2022-11-18 13:29:34',6,14,'M1101',1,NULL),(334,'2022-11-18 13:29:54',6,14,'M1101',1,NULL),(335,'2022-11-18 13:29:54',7,18,'M9101',1,NULL),(336,'2022-11-18 13:36:00',7,21,NULL,0,182),(337,'2022-11-18 13:36:02',7,16,'M1101',1,NULL),(338,'2022-11-18 13:36:07',7,16,'M1101',1,NULL),(339,'2022-11-18 13:29:54',7,18,'M9101',1,NULL),(340,'2022-11-18 13:36:28',7,16,'M1101',1,NULL),(341,'2022-11-18 13:36:31',7,21,NULL,0,5),(342,'2022-11-18 13:36:33',7,16,'M1101',1,NULL),(343,'2022-11-18 13:36:42',7,21,NULL,0,17),(344,'2022-11-18 13:36:46',7,21,NULL,0,18),(345,'2022-11-18 13:36:55',7,16,'M1101',1,NULL),(346,'2022-11-18 13:37:04',7,21,NULL,0,27),(347,'2022-11-18 13:37:14',7,21,NULL,0,39),(348,'2022-11-18 13:37:16',7,21,NULL,0,40),(349,'2022-11-18 13:37:24',7,21,NULL,0,53),(350,'2022-11-18 13:37:32',7,21,NULL,0,86),(351,'2022-11-18 13:37:36',7,21,NULL,0,102),(352,'2022-11-18 13:37:45',7,21,NULL,0,157),(353,'2022-11-18 13:37:58',7,21,NULL,0,195),(354,'2022-11-18 13:38:05',7,21,NULL,0,201),(355,'2022-11-18 13:38:25',7,21,NULL,0,4),(356,'2022-11-18 13:38:29',7,21,NULL,0,1),(357,'2022-11-18 13:38:32',7,21,NULL,0,2),(358,'2022-11-18 13:38:56',7,17,'M0111',1,NULL),(359,'2022-11-18 13:29:54',7,18,'M9101',1,NULL),(360,'2022-11-18 13:39:14',7,21,NULL,0,6),(361,'2022-11-18 13:39:36',7,21,NULL,0,28),(362,'2022-11-18 13:39:43',7,21,NULL,0,30),(363,'2022-11-18 13:39:49',7,17,'M0101',1,NULL),(364,'2022-11-18 13:40:06',7,21,NULL,0,19),(365,'2022-11-18 13:40:17',7,21,NULL,0,24),(366,'2022-11-18 13:40:26',7,21,NULL,0,3),(367,'2022-11-18 13:40:27',7,17,'M1201',1,NULL),(368,'2022-11-18 13:40:30',7,21,NULL,0,29),(369,'2022-11-18 13:43:47',7,18,'M0111',1,NULL),(370,'2022-11-18 13:44:34',7,16,'M1101',1,NULL),(371,'2022-11-18 13:45:38',7,19,'M0111',1,NULL),(372,'2022-11-18 13:46:23',7,21,'M0111',1,NULL),(373,'2022-11-18 13:48:57',7,21,'M0101',1,NULL),(374,'2022-11-18 13:49:54',7,21,'M0121',1,NULL),(375,'2022-11-18 13:51:01',7,19,'M0121',1,NULL),(376,'2022-11-18 13:51:48',7,19,'M0122',1,NULL),(377,'2022-11-18 13:52:18',7,18,'M0122',1,NULL),(378,'2022-11-18 13:52:32',7,18,'M0121',1,NULL),(379,'2022-11-18 13:53:14',7,20,'M0121',1,NULL),(380,'2022-11-18 13:53:26',7,20,'M0122',1,NULL),(381,'2022-11-18 13:55:27',7,20,'M0101',1,NULL),(382,'2022-11-18 13:55:27',7,20,'M0101',1,NULL),(383,'2022-11-18 13:57:05',7,18,'M0101',1,NULL),(384,'2022-11-18 13:58:37',7,19,'M0101',1,NULL),(385,'2022-11-18 14:11:19',7,16,'M1101',1,NULL),(386,'2022-11-18 14:12:10',7,16,'M0111',1,NULL),(387,'2022-11-18 14:12:19',7,20,'M0111',1,NULL),(388,'2022-11-18 13:29:54',7,18,'M9101',1,NULL),(389,'2022-11-18 13:29:54',7,18,'M9101',1,NULL),(390,'2022-11-18 15:15:38',5,11,NULL,0,26),(391,'2022-11-18 15:41:37',5,12,'M0111',1,NULL),(392,'2022-11-18 15:42:57',5,13,'M0111',1,NULL),(393,'2022-11-18 15:43:51',5,13,'M0101',1,NULL),(394,'2022-11-18 15:45:20',5,13,'M0121',1,NULL),(395,'2022-11-18 16:12:47',5,10,NULL,0,197),(396,'2022-11-18 16:14:20',5,10,'M1101',1,NULL),(397,'2022-11-18 16:17:56',5,10,'M0122',1,NULL),(398,'2022-11-18 16:22:58',5,13,'M1101',1,NULL),(399,'2022-11-18 16:24:54',5,13,'M1101',1,NULL),(400,'2022-11-18 16:24:59',5,13,'M1101',1,NULL),(401,'2022-11-18 16:31:59',5,10,'M1101',1,NULL),(402,'2022-11-18 16:34:19',5,12,'M1101',1,NULL),(403,'2022-11-18 16:38:21',5,13,'M1101',1,NULL),(404,'2022-11-18 16:39:23',5,13,'M0122',1,NULL),(405,'2022-11-18 16:40:15',5,10,'M1101',1,NULL),(406,'2022-11-18 16:42:53',5,13,NULL,0,210),(407,'2022-11-18 16:42:53',5,10,'M9101',1,NULL),(408,'2022-11-18 17:58:11',5,12,'M0121',1,NULL),(409,'2022-11-18 18:02:43',5,10,'M1101',1,NULL),(410,'2022-11-18 18:11:29',5,11,'M1101',1,NULL),(411,'2022-11-18 18:12:00',5,11,'M0122',1,NULL),(412,'2022-11-18 18:12:06',5,10,'M0111',1,NULL),(413,'2022-11-18 18:12:46',5,11,'M0111',1,NULL),(414,'2022-11-18 18:12:46',5,11,'M0112',1,NULL),(415,'2022-11-18 18:14:57',5,11,NULL,0,1),(416,'2022-11-18 18:17:10',5,10,'M0111',1,NULL),(417,'2022-11-18 18:19:43',5,12,'M1101',1,NULL),(418,'2022-11-18 18:20:22',5,10,'M0111',1,NULL),(419,'2022-11-18 20:44:43',5,11,NULL,0,10),(420,'2022-11-18 21:30:10',5,11,'M1101',1,NULL),(421,'2022-11-18 21:31:19',5,11,NULL,0,106),(422,'2022-11-18 21:31:59',5,12,'M1201',1,NULL),(423,'2022-11-18 21:32:27',5,11,'M1101',1,NULL),(424,'2022-11-18 21:49:45',5,10,'M1101',1,NULL),(425,'2022-11-18 21:50:18',5,12,'M1101',1,NULL),(426,'2022-11-18 21:50:27',5,12,'M1101',1,NULL),(427,'2022-11-18 21:55:47',5,10,'M1101',1,NULL),(428,'2022-11-18 22:04:25',5,12,'M1101',1,NULL),(429,'2022-11-18 22:04:32',5,12,'M1101',1,NULL),(430,'2022-11-18 22:13:52',5,11,'M1101',1,NULL),(431,'2022-11-18 22:15:07',5,11,'M0122',1,NULL),(432,'2022-11-18 22:16:55',5,11,'M1101',1,NULL),(433,'2022-11-18 22:18:45',5,11,'M1101',1,NULL),(434,'2022-11-18 22:19:48',5,11,'M1101',1,NULL),(435,'2022-11-18 22:20:52',5,11,'M0122',1,NULL),(436,'2022-11-18 22:31:51',5,10,'M0122',1,NULL),(437,'2022-11-18 22:32:59',5,13,'M0122',1,NULL),(438,'2022-11-18 22:51:11',5,13,'M1101',1,NULL),(439,'2022-11-18 23:09:59',5,11,'M1101',1,NULL),(440,'2022-11-18 23:10:31',5,11,'M0122',1,NULL),(441,'2022-11-18 23:23:21',5,11,'M1101',1,NULL),(442,'2022-11-18 23:23:56',5,11,'M0122',1,NULL),(443,'2022-11-18 23:24:07',5,10,'M0111',1,NULL),(444,'2022-11-18 23:24:40',5,11,'M0111',1,NULL),(445,'2022-11-18 23:24:40',5,11,'M0112',1,NULL),(446,'2022-11-18 23:27:08',5,11,NULL,0,180),(447,'2022-11-18 23:50:32',5,11,'M1101',1,NULL),(448,'2022-11-18 23:51:07',5,11,'M0122',1,NULL),(449,'2022-11-18 23:51:24',5,10,'M0111',1,NULL),(450,'2022-11-18 23:51:50',5,11,'M0111',1,NULL),(451,'2022-11-18 23:51:50',5,11,'M0112',1,NULL),(452,'2022-11-18 23:53:59',5,11,NULL,0,178),(453,'2022-11-18 23:57:28',5,10,'M0111',1,NULL),(454,'2022-11-18 23:58:30',5,11,'M0111',1,NULL),(455,'2022-11-18 23:58:30',5,11,'M0112',1,NULL),(456,'2022-11-19 00:08:08',5,13,'M1101',1,NULL),(457,'2022-11-19 00:30:27',5,13,'M1101',1,NULL),(458,'2022-11-19 00:38:53',5,13,'M1101',1,NULL),(459,'2022-11-19 00:41:37',5,13,'M1101',1,NULL),(460,'2022-11-19 00:52:56',5,13,'M1101',1,NULL),(461,'2022-11-19 00:55:24',5,13,'M1101',1,NULL),(462,'2022-11-19 00:57:51',5,13,'M1101',1,NULL),(463,'2022-11-19 02:40:42',5,13,'M1101',1,NULL),(464,'2022-11-19 02:41:55',5,13,'M1101',1,NULL),(465,'2022-11-19 02:46:20',5,13,'M1101',1,NULL),(466,'2022-11-19 02:49:41',5,13,'M1101',1,NULL),(467,'2022-11-19 02:51:31',5,13,'M1101',1,NULL),(468,'2022-11-19 09:30:27',5,13,'M1101',1,NULL),(469,'2022-11-19 09:44:55',5,13,'M1101',1,NULL),(470,'2022-11-19 09:47:49',5,13,'M1101',1,NULL),(471,'2022-11-19 10:02:35',5,13,'M1101',1,NULL),(472,'2022-11-19 10:09:09',5,13,'M1101',1,NULL),(473,'2022-11-19 10:11:51',5,13,'M1101',1,NULL),(474,'2022-11-19 10:14:34',5,13,'M1101',1,NULL),(475,'2022-11-19 10:15:47',5,13,'M1101',1,NULL),(476,'2022-11-19 10:48:04',5,11,'M1101',1,NULL),(477,'2022-11-19 11:58:28',5,11,'M1101',1,NULL),(478,'2022-11-19 12:27:54',5,11,'M1101',1,NULL);
/*!40000 ALTER TABLE `point` ENABLE KEYS */;
UNLOCK TABLES;

--
-- Table structure for table `qna`
--

DROP TABLE IF EXISTS `qna`;
/*!40101 SET @saved_cs_client     = @@character_set_client */;
/*!50503 SET character_set_client = utf8mb4 */;
CREATE TABLE `qna` (
  `id` bigint NOT NULL AUTO_INCREMENT,
  `question` text NOT NULL,
  PRIMARY KEY (`id`),
  UNIQUE KEY `id_UNIQUE` (`id`)
) ENGINE=InnoDB AUTO_INCREMENT=33 DEFAULT CHARSET=utf8mb4 COLLATE=utf8mb4_0900_ai_ci;
/*!40101 SET character_set_client = @saved_cs_client */;

--
-- Dumping data for table `qna`
--

LOCK TABLES `qna` WRITE;
/*!40000 ALTER TABLE `qna` DISABLE KEYS */;
INSERT INTO `qna` VALUES (1,'미래의 일을 딱 한 가지만 알 수 있다면?'),(2,'만약 하루 동안 우리 가족 중 한 명과 몸이 바뀐다면 누구와 바뀌고 싶은지, 그 이유는?'),(3,'무인도에 갖고 가고 싶은 것 세가지?'),(4,'제일 좋아하는 영화?'),(5,'나를 행복하게 만드는 소소한 상황 혹은 행동?'),(6,'10년 후의 우리 가족은?'),(7,'우리 가족의 이것만은 다른 가족과 다르다?'),(8,'함께 가고 싶은 해외 여행지?'),(9,'가장 즐거웠던 여행?'),(10,'나만의 특출난 개성?'),(11,'일어나서 가장 먼저 하는 것?'),(12,'자기 전에 마지막으로 하는 것?'),(13,'MBTI?'),(14,'가지고 싶은 초능력?'),(15,'좋아하는 음식?'),(16,'가장 좋아하는 베스킨라빈스 아이스크림 맛?'),(17,'요즘 즐겨하는 취미?'),(18,'우리 가족 멤버들과 가장 잘 어울리는 단어?'),(19,'좋아하는 계절과 그 이유?'),(20,'나만의 스트레스 해소 방법은?'),(21,'1년 전 나에게 하고 싶은 말?'),(22,'로또 1등에 당첨된다면?'),(23,'우리 가족 멤버들은 어떤 동물을 닮았을까?'),(24,'내가 좋아하는 나의 별명?'),(25,'올해 가장 잘 했다고 생각되는 것은?'),(26,'받고 싶은 선물?'),(27,'선의의 거짓말은 옳은 것일까?'),(28,'일주일 동안 이것만 먹고 살아야 한다면?'),(29,'하루 중 가장 행복한 시간은?'),(30,'어릴적 장래희망?'),(31,'가장 자신있는 요리?'),(32,'배워보고 싶은 악기?');
/*!40000 ALTER TABLE `qna` ENABLE KEYS */;
UNLOCK TABLES;

--
-- Table structure for table `qna_log`
--

DROP TABLE IF EXISTS `qna_log`;
/*!40101 SET @saved_cs_client     = @@character_set_client */;
/*!50503 SET character_set_client = utf8mb4 */;
CREATE TABLE `qna_log` (
  `id` bigint NOT NULL AUTO_INCREMENT,
  `content` varchar(255) DEFAULT NULL,
  `family_id` bigint NOT NULL,
  `user_id` bigint NOT NULL,
  `qna_id` bigint NOT NULL,
  `reg` datetime NOT NULL DEFAULT CURRENT_TIMESTAMP,
  PRIMARY KEY (`id`),
  UNIQUE KEY `Key_UNIQUE` (`id`),
  KEY `FK_qna_TO_qna_log_1` (`qna_id`),
  KEY `FK_user_TO_qna_log_1_idx` (`user_id`),
  KEY `FK_family_TO_qna_log_1` (`family_id`),
  CONSTRAINT `FK_family_TO_qna_log_1` FOREIGN KEY (`family_id`) REFERENCES `family` (`id`),
  CONSTRAINT `FK_qna_TO_qna_log_1` FOREIGN KEY (`qna_id`) REFERENCES `qna` (`id`),
  CONSTRAINT `FK_user_TO_qna_log_1` FOREIGN KEY (`user_id`) REFERENCES `user` (`id`)
) ENGINE=InnoDB AUTO_INCREMENT=52 DEFAULT CHARSET=utf8mb4 COLLATE=utf8mb4_0900_ai_ci;
/*!40101 SET character_set_client = @saved_cs_client */;

--
-- Dumping data for table `qna_log`
--

LOCK TABLES `qna_log` WRITE;
/*!40000 ALTER TABLE `qna_log` DISABLE KEYS */;
INSERT INTO `qna_log` VALUES (1,'ascasc',3,2,1,'2022-11-16 09:01:34'),(2,'좋겠다....?',3,5,1,'2022-11-16 09:03:41'),(3,'트위터는 망할까요?',3,8,1,'2022-11-16 09:12:23'),(4,'my husband',3,4,1,'2022-11-16 09:24:34'),(5,'으으으',3,5,2,'2022-11-16 09:58:25'),(6,'kkkkidon\'twant',3,4,2,'2022-11-16 09:59:10'),(7,'얼마 줄 건데요',3,8,2,'2022-11-16 10:06:30'),(8,'zzzz',3,2,2,'2022-11-16 10:38:07'),(9,'갈',3,1,1,'2022-11-17 00:28:41'),(10,'라이터 칼 옷',3,3,3,'2022-11-17 00:37:47'),(11,'라면 베어그릴스 애드스태포드',3,2,3,'2022-11-17 00:39:39'),(12,'가기시러',3,1,3,'2022-11-17 02:56:07'),(13,'우리들의 추억...',3,5,3,'2022-11-17 09:45:39'),(14,'우리 집 값. 걱정됩니다. ㅠㅠ~',5,12,1,'2022-11-14 13:40:20'),(15,'아들 딸이 미래에 잘 살지 알고싶네요 *^^*',5,13,1,'2022-11-14 13:41:06'),(16,'미래 남편의 얼굴,,? 꼭 존잘남 만나야지ㅠㅎ',5,11,1,'2022-11-14 13:50:29'),(17,'통일 되나요.. 군대 가기 싫은데 ',5,10,1,'2022-11-14 13:50:57'),(18,'엄마 내가 대신 살 빼줄게,,TT',5,11,2,'2022-11-15 13:55:20'),(19,'누나랑 바뀌고 싶어요 \n\n맨날 불꺼라 라면끓여라 나랑 바꾸자!!!!',5,10,2,'2022-11-15 13:56:27'),(20,'아들. 젊었을 때로 돌아가고싶읍니다.',5,12,2,'2022-11-15 13:57:04'),(21,'아유 누구랑 바꿔야 하지?\n누가 나로 바뀌면 집안일은 제대로 하려나 몰라',5,13,2,'2022-11-15 13:57:52'),(22,'베어그릴스 애드스태포드 칼',5,10,3,'2022-11-16 14:00:03'),(23,'엄마 아빠 김병만',5,11,3,'2022-11-16 14:01:10'),(24,'무인도에 뭘 가져가야 잘 가져갔다고 소문이 날까~?\n우리 가족들 고생 시키기 싫지만서도 떨어지기 싫은 이마음...\n우리 가족은 무인도에서도 잘 헤쳐 나갈 수 있을거에요~~',5,13,3,'2022-11-16 14:01:06'),(25,'우리 와이프^^ ',5,12,3,'2022-11-16 14:02:10'),(26,'너의 이름은 ㅋ',5,10,4,'2022-11-17 14:10:07'),(27,'호카손자',5,12,4,'2022-11-17 14:10:19'),(29,'우리 가족이 작년 크리스마스때 본 영화 제목이 뭐였더라~~?\n그 영화가 참 마음이 따뜻해지고 좋았지~~\n그 때 다같이 귤 까먹으며 봐서 참 행복했어\n그러고보니 요즘은 귤 가격이 어떻게 되나~?',5,13,4,'2022-11-17 14:12:04'),(32,'맘마미아',5,11,4,'2022-11-17 17:12:01'),(34,'우리 가족 건강 ^^',7,17,1,'2022-11-18 13:38:56'),(35,'취업 여부 ㅋㅋㅋㅋㅋ',7,18,1,'2022-11-18 13:43:47'),(36,'로또번호!!!!!!!! 제일 많이 당첨된 날!!!',7,19,1,'2022-11-18 13:45:38'),(37,'호카스 온',7,21,1,'2022-11-18 13:46:23'),(38,'내일밥',7,16,1,'2022-11-18 14:12:10'),(39,'주식',7,20,1,'2022-11-18 14:12:19'),(40,'ZIP으로 가족이랑 소통하기 ㅎㅎ~',5,12,5,'2022-11-18 15:41:37'),(41,'우리집 강아지 대변 상태가 좋을 때 치우기 좋아서 정말정말 행복해요~~ \n\n우리 아들 딸 대변 상태는 괜찮니??..?',5,13,5,'2022-11-18 15:42:57'),(50,'용돈 받을때요!!',5,10,5,'2022-11-18 23:57:28'),(51,'ㅇㅇ',5,11,5,'2022-11-18 23:58:30');
/*!40000 ALTER TABLE `qna_log` ENABLE KEYS */;
UNLOCK TABLES;

--
-- Table structure for table `unity_album`
--

DROP TABLE IF EXISTS `unity_album`;
/*!40101 SET @saved_cs_client     = @@character_set_client */;
/*!50503 SET character_set_client = utf8mb4 */;
CREATE TABLE `unity_album` (
  `id` bigint NOT NULL AUTO_INCREMENT,
  `position` int NOT NULL,
  `family_id` bigint NOT NULL,
  `picture_id` bigint NOT NULL,
  PRIMARY KEY (`id`),
  KEY `FK_family_TO_unity_album_1_idx` (`family_id`),
  KEY `FK_album_TO_unity_album_1_idx1` (`picture_id`) /*!80000 INVISIBLE */,
  CONSTRAINT `FK_family_TO_unity_album_1` FOREIGN KEY (`family_id`) REFERENCES `family` (`id`),
  CONSTRAINT `FK_picture_TO_unity_album_1` FOREIGN KEY (`picture_id`) REFERENCES `picture` (`id`) ON DELETE CASCADE
) ENGINE=InnoDB AUTO_INCREMENT=35 DEFAULT CHARSET=utf8mb4 COLLATE=utf8mb4_0900_ai_ci;
/*!40101 SET character_set_client = @saved_cs_client */;

--
-- Dumping data for table `unity_album`
--

LOCK TABLES `unity_album` WRITE;
/*!40000 ALTER TABLE `unity_album` DISABLE KEYS */;
INSERT INTO `unity_album` VALUES (9,1,6,134),(10,2,6,134),(11,3,6,134),(12,4,6,134),(13,1,3,5),(14,2,3,6),(15,3,3,7),(16,4,3,112),(17,1,7,209),(18,2,7,208),(19,4,7,209),(20,3,7,212),(25,2,5,243),(26,1,5,292),(31,4,5,291),(34,3,5,330);
/*!40000 ALTER TABLE `unity_album` ENABLE KEYS */;
UNLOCK TABLES;

--
-- Table structure for table `user`
--

DROP TABLE IF EXISTS `user`;
/*!40101 SET @saved_cs_client     = @@character_set_client */;
/*!50503 SET character_set_client = utf8mb4 */;
CREATE TABLE `user` (
  `id` bigint NOT NULL AUTO_INCREMENT,
  `name` varchar(255) NOT NULL,
  `nickname` varchar(255) NOT NULL,
  `profile_img` bigint DEFAULT NULL,
  `email` varchar(255) NOT NULL,
  `password` varchar(255) NOT NULL,
  `reg` datetime NOT NULL DEFAULT CURRENT_TIMESTAMP,
  `is_email_verified` tinyint NOT NULL DEFAULT '0',
  `family_id` bigint DEFAULT NULL,
  PRIMARY KEY (`id`),
  UNIQUE KEY `id_UNIQUE` (`id`),
  KEY `FK_family_TO_user_1` (`family_id`),
  KEY `FK_character_TO_user_1_idx` (`profile_img`),
  CONSTRAINT `FK_character_TO_user_1` FOREIGN KEY (`profile_img`) REFERENCES `character` (`id`),
  CONSTRAINT `FK_family_TO_user_1` FOREIGN KEY (`family_id`) REFERENCES `family` (`id`)
) ENGINE=InnoDB AUTO_INCREMENT=22 DEFAULT CHARSET=utf8mb4 COLLATE=utf8mb4_0900_ai_ci;
/*!40101 SET character_set_client = @saved_cs_client */;

--
-- Dumping data for table `user`
--

LOCK TABLES `user` WRITE;
/*!40000 ALTER TABLE `user` DISABLE KEYS */;
INSERT INTO `user` VALUES (1,'seungyeonlee','sylee',12,'seongyeon38@naver.com','$2a$10$1mJ52.xke3H9jBiV24leFObXQm/q7VRT1n19y2MclV/ZJ.h1GFSgu','2022-11-15 16:10:40',1,3),(2,'김민균','밍귤',23,'mingyun0324@naver.com','$2a$10$r/0Y7quj6bForJah52Xnges0cNt/bj2.F7L/gUyvw8naMUVO8.x/K','2022-11-15 16:11:14',1,3),(3,'이도엽','이도엽',21,'lx460@naver.com','$2a$10$Rj9Z8s2nV2MV/8PrWqkqVOsIzj7BSB9LAWJ/25hVzKLA8om1Pq4TK','2022-11-15 16:35:22',1,3),(4,'BONA','bbonnna',24,'bona19988@gmail.com','$2a$10$yxR7vpjvyQIUfDB522FF2ulJy1A92NjIF/vu82.9dU0kzNGjkfhUi','2022-11-15 16:40:21',1,3),(5,'수수수','뚜뚜',16,'neillie23@gmail.com','$2a$10$JUt0WJ24VG.dFJXrlNos/.BiUK41I71rmfHT5L3dLEA5GAZ89YwFa','2022-11-15 16:41:43',1,3),(6,'김민균','킼',2,'mingyun0324@gmail.com','$2a$10$Nur9OJx18/1OQpm5DW7qYOds9IIUi2yAhShPDyYR4SG3XdNYcfdEm','2022-11-15 16:42:46',1,4),(7,'aa','aa',10,'bona17@naver.com','$2a$10$0uE5L3g08PLvyhUT.qYx5.R3OGrAKfk2.gi4cAV1sCtwjUQJebOGG','2022-11-15 16:47:45',1,NULL),(8,'이재순','순수',15,'dlwotns1112@gmail.com','$2a$10$JvsEPlqM7Yqxy47.5Q60ROWR4N6ex8bfPSJfojrOVE2wA4JoLfopO','2022-11-15 16:51:46',1,3),(9,'이재순','순순',15,'dlwotns9218@gmail.com','$2a$10$/BcyIZCSxAPcsMxhzVLnb.Dnu/gGiiu4pFVRrXBYVpfB2jZYkC0FO','2022-11-16 00:26:57',1,NULL),(10,'류재순','은쪽이순이',21,'test3@ssafy.com','$2a$10$/BcyIZCSxAPcsMxhzVLnb.Dnu/gGiiu4pFVRrXBYVpfB2jZYkC0FO','2022-11-16 00:26:57',1,5),(11,'류승연','첫째딸승연',12,'test4@ssafy.com','$2a$10$/BcyIZCSxAPcsMxhzVLnb.Dnu/gGiiu4pFVRrXBYVpfB2jZYkC0FO','2022-11-16 00:26:57',1,5),(12,'류현수','멋진아빠',24,'test1@ssafy.com','$2a$10$/BcyIZCSxAPcsMxhzVLnb.Dnu/gGiiu4pFVRrXBYVpfB2jZYkC0FO','2022-11-16 00:26:57',1,5),(13,'이도희','이쁜엄마',2,'test2@ssafy.com','$2a$10$/BcyIZCSxAPcsMxhzVLnb.Dnu/gGiiu4pFVRrXBYVpfB2jZYkC0FO','2022-11-16 00:26:57',1,5),(14,'테스트1','테스트1',2,'test5@ssafy.com','$2a$10$/BcyIZCSxAPcsMxhzVLnb.Dnu/gGiiu4pFVRrXBYVpfB2jZYkC0FO','2022-11-16 00:26:57',1,6),(15,'테스트2','테스트2',2,'test6@ssafy.com','$2a$10$/BcyIZCSxAPcsMxhzVLnb.Dnu/gGiiu4pFVRrXBYVpfB2jZYkC0FO','2022-11-16 00:26:57',1,6),(16,'이승연','승연',7,'test7@ssafy.com','$2a$10$/BcyIZCSxAPcsMxhzVLnb.Dnu/gGiiu4pFVRrXBYVpfB2jZYkC0FO','2022-11-16 00:26:57',1,7),(17,'이도엽','도엽',2,'test8@ssafy.com','$2a$10$/BcyIZCSxAPcsMxhzVLnb.Dnu/gGiiu4pFVRrXBYVpfB2jZYkC0FO','2022-11-16 00:26:57',1,7),(18,'이재순','재순',15,'test9@ssafy.com','$2a$10$/BcyIZCSxAPcsMxhzVLnb.Dnu/gGiiu4pFVRrXBYVpfB2jZYkC0FO','2022-11-16 00:26:57',1,7),(19,'이보나','보나',9,'test10@ssafy.com','$2a$10$/BcyIZCSxAPcsMxhzVLnb.Dnu/gGiiu4pFVRrXBYVpfB2jZYkC0FO','2022-11-16 00:26:57',1,7),(20,'김민균','민균',1,'test11@ssafy.com','$2a$10$/BcyIZCSxAPcsMxhzVLnb.Dnu/gGiiu4pFVRrXBYVpfB2jZYkC0FO','2022-11-16 00:26:57',1,7),(21,'류현수','현수',24,'test12@ssafy.com','$2a$10$/BcyIZCSxAPcsMxhzVLnb.Dnu/gGiiu4pFVRrXBYVpfB2jZYkC0FO','2022-11-16 00:26:57',1,7);
/*!40000 ALTER TABLE `user` ENABLE KEYS */;
UNLOCK TABLES;
/*!40103 SET TIME_ZONE=@OLD_TIME_ZONE */;

/*!40101 SET SQL_MODE=@OLD_SQL_MODE */;
/*!40014 SET FOREIGN_KEY_CHECKS=@OLD_FOREIGN_KEY_CHECKS */;
/*!40014 SET UNIQUE_CHECKS=@OLD_UNIQUE_CHECKS */;
/*!40101 SET CHARACTER_SET_CLIENT=@OLD_CHARACTER_SET_CLIENT */;
/*!40101 SET CHARACTER_SET_RESULTS=@OLD_CHARACTER_SET_RESULTS */;
/*!40101 SET COLLATION_CONNECTION=@OLD_COLLATION_CONNECTION */;
/*!40111 SET SQL_NOTES=@OLD_SQL_NOTES */;

-- Dump completed on 2022-11-19 13:46:27
